"PokedexID","Title","CaptureRate","GrowthRate","HeightInches","WeightLbs","Types","Region","RegionID","Color","EnglishName","JapaneseName","FrenchName","Type1","Type2","SpeciesID"
"1","Bulbasaur","45","medium-slow","27.56","15.21","12;4","56","1","Green","Bulbasaur","フシギダネ","Bulbizarre","Grass","Poison","1"
"2","Ivysaur","45","medium-slow","39.37","28.66","12;4","56","1","Green","Ivysaur","フシギソウ","Herbizarre","Grass","Poison","2"
"3","Venusaur","45","medium-slow","78.74","220.46","12;4","56","1","Green","Venusaur","フシギバナ","Florizarre","Grass","Poison","3"
"4","Charmander","45","medium-slow","23.62","18.74","10","56","1","Red","Charmander","ヒトカゲ","Salamèche","Fire","","4"
"5","Charmeleon","45","medium-slow","43.31","41.89","10","56","1","Red","Charmeleon","リザード","Reptincel","Fire","","5"
"6","Charizard","45","medium-slow","66.93","199.52","10;3","56","1","Red","Charizard","リザードン","Dracaufeu","Fire","Flying","6"
"7","Squirtle","45","medium-slow","19.69","19.84","11","56","1","Blue","Squirtle","ゼニガメ","Carapuce","Water","","7"
"8","Wartortle","45","medium-slow","39.37","49.6","11","56","1","Blue","Wartortle","カメール","Carabaffe","Water","","8"
"9","Blastoise","45","medium-slow","62.99","188.5","11","56","1","Blue","Blastoise","カメックス","Tortank","Water","","9"
"10","Caterpie","255","medium","11.81","6.39","7","56","1","Green","Caterpie","キャタピー","Chenipan","Bug","","10"
"11","Metapod","120","medium","27.56","21.83","7","56","1","Green","Metapod","トランセル","Chrysacier","Bug","","11"
"12","Butterfree","45","medium","43.31","70.55","7;3","56","1","White","Butterfree","バタフリー","Papilusion","Bug","Flying","12"
"13","Weedle","255","medium","11.81","7.05","7;4","56","1","Brown","Weedle","ビードル","Aspicot","Bug","Poison","13"
"14","Kakuna","120","medium","23.62","22.05","7;4","56","1","Yellow","Kakuna","コクーン","Coconfort","Bug","Poison","14"
"15","Beedrill","45","medium","39.37","65.04","7;4","56","1","Yellow","Beedrill","スピアー","Dardargnan","Bug","Poison","15"
"16","Pidgey","255","medium-slow","11.81","3.97","1;3","56","1","Brown","Pidgey","ポッポ","Roucool","Normal","Flying","16"
"17","Pidgeotto","120","medium-slow","43.31","66.14","1;3","56","1","Brown","Pidgeotto","ピジョン","Roucoups","Normal","Flying","17"
"18","Pidgeot","45","medium-slow","59.06","87.08","1;3","56","1","Brown","Pidgeot","ピジョット","Roucarnage","Normal","Flying","18"
"19","Rattata","255","medium","11.81","7.72","1","56","1","Purple","Rattata","コラッタ","Rattata","Normal","","19"
"20","Raticate","127","medium","27.56","40.79","1","56","1","Brown","Raticate","ラッタ","Rattatac","Normal","","20"
"21","Spearow","255","medium","11.81","4.41","1;3","56","1","Brown","Spearow","オニスズメ","Piafabec","Normal","Flying","21"
"22","Fearow","90","medium","47.24","83.78","1;3","56","1","Brown","Fearow","オニドリル","Rapasdepic","Normal","Flying","22"
"23","Ekans","255","medium","78.74","15.21","4","56","1","Purple","Ekans","アーボ","Abo","Poison","","23"
"24","Arbok","90","medium","137.8","143.3","4","56","1","Purple","Arbok","アーボック","Arbok","Poison","","24"
"25","Pikachu","190","medium","15.75","13.23","13","56","1","Yellow","Pikachu","ピカチュウ","Pikachu","Electric","","25"
"26","Raichu","75","medium","31.5","66.14","13","56","1","Yellow","Raichu","ライチュウ","Raichu","Electric","","26"
"27","Sandshrew","255","medium","23.62","26.46","5","56","1","Yellow","Sandshrew","サンド","Sabelette","Ground","","27"
"28","Sandslash","90","medium","39.37","65.04","5","56","1","Yellow","Sandslash","サンドパン","Sablaireau","Ground","","28"
"29","Nidoran-f","235","medium-slow","15.75","15.43","4","56","1","Blue","Nidoran♀","ニドラン♀","Nidoran♀","Poison","","29"
"30","Nidorina","120","medium-slow","31.5","44.09","4","56","1","Blue","Nidorina","ニドリーナ","Nidorina","Poison","","30"
"31","Nidoqueen","45","medium-slow","51.18","132.28","4;5","56","1","Blue","Nidoqueen","ニドクイン","Nidoqueen","Poison","Ground","31"
"32","Nidoran-m","235","medium-slow","19.69","19.84","4","56","1","Purple","Nidoran♂","ニドラン♂","Nidoran♂","Poison","","32"
"33","Nidorino","120","medium-slow","35.43","42.99","4","56","1","Purple","Nidorino","ニドリーノ","Nidorino","Poison","","33"
"34","Nidoking","45","medium-slow","55.12","136.69","4;5","56","1","Purple","Nidoking","ニドキング","Nidoking","Poison","Ground","34"
"35","Clefairy","150","fast","23.62","16.53","18","56","1","Pink","Clefairy","ピッピ","Mélofée","Fairy","","35"
"36","Clefable","25","fast","51.18","88.18","18","56","1","Pink","Clefable","ピクシー","Mélodelfe","Fairy","","36"
"37","Vulpix","190","medium","23.62","21.83","10","56","1","Brown","Vulpix","ロコン","Goupix","Fire","","37"
"38","Ninetales","75","medium","43.31","43.87","10","56","1","Yellow","Ninetales","キュウコン","Feunard","Fire","","38"
"39","Jigglypuff","170","fast","19.69","12.13","1;18","56","1","Pink","Jigglypuff","プリン","Rondoudou","Normal","Fairy","39"
"40","Wigglytuff","50","fast","39.37","26.46","1;18","56","1","Pink","Wigglytuff","プクリン","Grodoudou","Normal","Fairy","40"
"41","Zubat","255","medium","31.5","16.53","4;3","56","1","Purple","Zubat","ズバット","Nosferapti","Poison","Flying","41"
"42","Golbat","90","medium","62.99","121.25","4;3","56","1","Purple","Golbat","ゴルバット","Nosferalto","Poison","Flying","42"
"43","Oddish","255","medium-slow","19.69","11.9","12;4","56","1","Blue","Oddish","ナゾノクサ","Mystherbe","Grass","Poison","43"
"44","Gloom","120","medium-slow","31.5","18.96","12;4","56","1","Blue","Gloom","クサイハナ","Ortide","Grass","Poison","44"
"45","Vileplume","45","medium-slow","47.24","41.01","12;4","56","1","Red","Vileplume","ラフレシア","Rafflesia","Grass","Poison","45"
"46","Paras","190","medium","11.81","11.9","7;12","56","1","Red","Paras","パラス","Paras","Bug","Grass","46"
"47","Parasect","75","medium","39.37","65.04","7;12","56","1","Red","Parasect","パラセクト","Parasect","Bug","Grass","47"
"48","Venonat","190","medium","39.37","66.14","7;4","56","1","Purple","Venonat","コンパン","Mimitoss","Bug","Poison","48"
"49","Venomoth","75","medium","59.06","27.56","7;4","56","1","Purple","Venomoth","モルフォン","Aéromite","Bug","Poison","49"
"50","Diglett","255","medium","7.87","1.76","5","56","1","Brown","Diglett","ディグダ","Taupiqueur","Ground","","50"
"51","Dugtrio","50","medium","27.56","73.41","5","56","1","Brown","Dugtrio","ダグトリオ","Triopikeur","Ground","","51"
"52","Meowth","255","medium","15.75","9.26","1","56","1","Yellow","Meowth","ニャース","Miaouss","Normal","","52"
"53","Persian","90","medium","39.37","70.55","1","56","1","Yellow","Persian","ペルシアン","Persian","Normal","","53"
"54","Psyduck","190","medium","31.5","43.21","11","56","1","Yellow","Psyduck","コダック","Psykokwak","Water","","54"
"55","Golduck","75","medium","66.93","168.87","11","56","1","Blue","Golduck","ゴルダック","Akwakwak","Water","","55"
"56","Mankey","190","medium","19.69","61.73","2","56","1","Brown","Mankey","マンキー","Férosinge","Fighting","","56"
"57","Primeape","75","medium","39.37","70.55","2","56","1","Brown","Primeape","オコリザル","Colossinge","Fighting","","57"
"58","Growlithe","190","slow","27.56","41.89","10","56","1","Brown","Growlithe","ガーディ","Caninos","Fire","","58"
"59","Arcanine","75","slow","74.8","341.72","10","56","1","Brown","Arcanine","ウインディ","Arcanin","Fire","","59"
"60","Poliwag","255","medium-slow","23.62","27.34","11","56","1","Blue","Poliwag","ニョロモ","Ptitard","Water","","60"
"61","Poliwhirl","120","medium-slow","39.37","44.09","11","56","1","Blue","Poliwhirl","ニョロゾ","Têtarte","Water","","61"
"62","Poliwrath","45","medium-slow","51.18","119.05","11;2","56","1","Blue","Poliwrath","ニョロボン","Tartard","Water","Fighting","62"
"63","Abra","200","medium-slow","35.43","42.99","14","56","1","Brown","Abra","ケーシィ","Abra","Psychic","","63"
"64","Kadabra","100","medium-slow","51.18","124.56","14","56","1","Brown","Kadabra","ユンゲラー","Kadabra","Psychic","","64"
"65","Alakazam","50","medium-slow","59.06","105.82","14","56","1","Brown","Alakazam","フーディン","Alakazam","Psychic","","65"
"66","Machop","180","medium-slow","31.5","42.99","2","56","1","Gray","Machop","ワンリキー","Machoc","Fighting","","66"
"67","Machoke","90","medium-slow","59.06","155.43","2","56","1","Gray","Machoke","ゴーリキー","Machopeur","Fighting","","67"
"68","Machamp","45","medium-slow","62.99","286.6","2","56","1","Gray","Machamp","カイリキー","Mackogneur","Fighting","","68"
"69","Bellsprout","255","medium-slow","27.56","8.82","12;4","56","1","Green","Bellsprout","マダツボミ","Chétiflor","Grass","Poison","69"
"70","Weepinbell","120","medium-slow","39.37","14.11","12;4","56","1","Green","Weepinbell","ウツドン","Boustiflor","Grass","Poison","70"
"71","Victreebel","45","medium-slow","66.93","34.17","12;4","56","1","Green","Victreebel","ウツボット","Empiflor","Grass","Poison","71"
"72","Tentacool","190","slow","35.43","100.31","11;4","56","1","Blue","Tentacool","メノクラゲ","Tentacool","Water","Poison","72"
"73","Tentacruel","60","slow","62.99","121.25","11;4","56","1","Blue","Tentacruel","ドククラゲ","Tentacruel","Water","Poison","73"
"74","Geodude","255","medium-slow","15.75","44.09","6;5","56","1","Brown","Geodude","イシツブテ","Racaillou","Rock","Ground","74"
"75","Graveler","120","medium-slow","39.37","231.49","6;5","56","1","Brown","Graveler","ゴローン","Gravalanch","Rock","Ground","75"
"76","Golem","45","medium-slow","55.12","661.39","6;5","56","1","Brown","Golem","ゴローニャ","Grolem","Rock","Ground","76"
"77","Ponyta","190","medium","39.37","66.14","10","56","1","Yellow","Ponyta","ポニータ","Ponyta","Fire","","77"
"78","Rapidash","60","medium","66.93","209.44","10","56","1","Yellow","Rapidash","ギャロップ","Galopa","Fire","","78"
"79","Slowpoke","190","medium","47.24","79.37","11;14","56","1","Pink","Slowpoke","ヤドン","Ramoloss","Water","Psychic","79"
"80","Slowbro","75","medium","62.99","173.06","11;14","56","1","Pink","Slowbro","ヤドラン","Flagadoss","Water","Psychic","80"
"81","Magnemite","190","medium","11.81","13.23","13;9","56","1","Gray","Magnemite","コイル","Magnéti","Electric","Steel","81"
"82","Magneton","60","medium","39.37","132.28","13;9","56","1","Gray","Magneton","レアコイル","Magnéton","Electric","Steel","82"
"83","Farfetchd","45","medium","31.5","33.07","1;3","56","1","Brown","Farfetch’d","カモネギ","Canarticho","Normal","Flying","83"
"84","Doduo","190","medium","55.12","86.42","1;3","56","1","Brown","Doduo","ドードー","Doduo","Normal","Flying","84"
"85","Dodrio","45","medium","70.87","187.83","1;3","56","1","Brown","Dodrio","ドードリオ","Dodrio","Normal","Flying","85"
"86","Seel","190","medium","43.31","198.42","11","56","1","White","Seel","パウワウ","Otaria","Water","","86"
"87","Dewgong","75","medium","66.93","264.55","11;15","56","1","White","Dewgong","ジュゴン","Lamantine","Water","Ice","87"
"88","Grimer","190","medium","35.43","66.14","4","56","1","Purple","Grimer","ベトベター","Tadmorv","Poison","","88"
"89","Muk","75","medium","47.24","66.14","4","56","1","Purple","Muk","ベトベトン","Grotadmorv","Poison","","89"
"90","Shellder","190","slow","11.81","8.82","11","56","1","Purple","Shellder","シェルダー","Kokiyas","Water","","90"
"91","Cloyster","60","slow","59.06","292.11","11;15","56","1","Purple","Cloyster","パルシェン","Crustabri","Water","Ice","91"
"92","Gastly","190","medium-slow","51.18","0.22","8;4","56","1","Purple","Gastly","ゴース","Fantominus","Ghost","Poison","92"
"93","Haunter","90","medium-slow","62.99","0.22","8;4","56","1","Purple","Haunter","ゴースト","Spectrum","Ghost","Poison","93"
"94","Gengar","45","medium-slow","59.06","89.29","8;4","56","1","Purple","Gengar","ゲンガー","Ectoplasma","Ghost","Poison","94"
"95","Onix","45","medium","346.46","462.97","6;5","56","1","Gray","Onix","イワーク","Onix","Rock","Ground","95"
"96","Drowzee","190","medium","39.37","71.43","14","56","1","Yellow","Drowzee","スリープ","Soporifik","Psychic","","96"
"97","Hypno","75","medium","62.99","166.67","14","56","1","Yellow","Hypno","スリーパー","Hypnomade","Psychic","","97"
"98","Krabby","225","medium","15.75","14.33","11","56","1","Red","Krabby","クラブ","Krabby","Water","","98"
"99","Kingler","60","medium","51.18","132.28","11","56","1","Red","Kingler","キングラー","Krabboss","Water","","99"
"100","Voltorb","190","medium","19.69","22.93","13","56","1","Red","Voltorb","ビリリダマ","Voltorbe","Electric","","100"
"101","Electrode","60","medium","47.24","146.83","13","56","1","Red","Electrode","マルマイン","Électrode","Electric","","101"
"102","Exeggcute","90","slow","15.75","5.51","12;14","56","1","Pink","Exeggcute","タマタマ","Noeunoeuf","Grass","Psychic","102"
"103","Exeggutor","45","slow","78.74","264.55","12;14","56","1","Yellow","Exeggutor","ナッシー","Noadkoko","Grass","Psychic","103"
"104","Cubone","190","medium","15.75","14.33","5","56","1","Brown","Cubone","カラカラ","Osselait","Ground","","104"
"105","Marowak","75","medium","39.37","99.21","5","56","1","Brown","Marowak","ガラガラ","Ossatueur","Ground","","105"
"106","Hitmonlee","45","medium","59.06","109.79","2","56","1","Brown","Hitmonlee","サワムラー","Kicklee","Fighting","","106"
"107","Hitmonchan","45","medium","55.12","110.67","2","56","1","Brown","Hitmonchan","エビワラー","Tygnon","Fighting","","107"
"108","Lickitung","45","medium","47.24","144.4","1","56","1","Pink","Lickitung","ベロリンガ","Excelangue","Normal","","108"
"109","Koffing","190","medium","23.62","2.2","4","56","1","Purple","Koffing","ドガース","Smogo","Poison","","109"
"110","Weezing","60","medium","47.24","20.94","4","56","1","Purple","Weezing","マタドガス","Smogogo","Poison","","110"
"111","Rhyhorn","120","slow","39.37","253.53","5;6","56","1","Gray","Rhyhorn","サイホーン","Rhinocorne","Ground","Rock","111"
"112","Rhydon","60","slow","74.8","264.55","5;6","56","1","Gray","Rhydon","サイドン","Rhinoféros","Ground","Rock","112"
"113","Chansey","30","fast","43.31","76.28","1","56","1","Pink","Chansey","ラッキー","Leveinard","Normal","","113"
"114","Tangela","45","medium","39.37","77.16","12","56","1","Blue","Tangela","モンジャラ","Saquedeneu","Grass","","114"
"115","Kangaskhan","45","medium","86.61","176.37","1","56","1","Brown","Kangaskhan","ガルーラ","Kangourex","Normal","","115"
"116","Horsea","225","medium","15.75","17.64","11","56","1","Blue","Horsea","タッツー","Hypotrempe","Water","","116"
"117","Seadra","75","medium","47.24","55.12","11","56","1","Blue","Seadra","シードラ","Hypocéan","Water","","117"
"118","Goldeen","225","medium","23.62","33.07","11","56","1","Red","Goldeen","トサキント","Poissirène","Water","","118"
"119","Seaking","60","medium","51.18","85.98","11","56","1","Red","Seaking","アズマオウ","Poissoroy","Water","","119"
"120","Staryu","225","slow","31.5","76.06","11","56","1","Brown","Staryu","ヒトデマン","Stari","Water","","120"
"121","Starmie","60","slow","43.31","176.37","11;14","56","1","Purple","Starmie","スターミー","Staross","Water","Psychic","121"
"122","Mr-mime","45","medium","51.18","120.15","14;18","56","1","Pink","Mr. Mime","バリヤード","M. Mime","Psychic","Fairy","122"
"123","Scyther","45","medium","59.06","123.46","7;3","56","1","Green","Scyther","ストライク","Insécateur","Bug","Flying","123"
"124","Jynx","45","medium","55.12","89.51","15;14","56","1","Red","Jynx","ルージュラ","Lippoutou","Ice","Psychic","124"
"125","Electabuzz","45","medium","43.31","66.14","13","56","1","Yellow","Electabuzz","エレブー","Élektek","Electric","","125"
"126","Magmar","45","medium","51.18","98.11","10","56","1","Red","Magmar","ブーバー","Magmar","Fire","","126"
"127","Pinsir","45","slow","59.06","121.25","7","56","1","Brown","Pinsir","カイロス","Scarabrute","Bug","","127"
"128","Tauros","45","slow","55.12","194.89","1","56","1","Brown","Tauros","ケンタロス","Tauros","Normal","","128"
"129","Magikarp","255","slow","35.43","22.05","11","56","1","Red","Magikarp","コイキング","Magicarpe","Water","","129"
"130","Gyarados","45","slow","255.91","518.09","11;3","56","1","Blue","Gyarados","ギャラドス","Léviator","Water","Flying","130"
"131","Lapras","45","slow","98.43","485.02","11;15","56","1","Blue","Lapras","ラプラス","Lokhlass","Water","Ice","131"
"132","Ditto","35","medium","11.81","8.82","1","56","1","Purple","Ditto","メタモン","Métamorph","Normal","","132"
"133","Eevee","45","medium","11.81","14.33","1","56","1","Brown","Eevee","イーブイ","Évoli","Normal","","133"
"134","Vaporeon","45","medium","39.37","63.93","11","56","1","Blue","Vaporeon","シャワーズ","Aquali","Water","","134"
"135","Jolteon","45","medium","31.5","54.01","13","56","1","Yellow","Jolteon","サンダース","Voltali","Electric","","135"
"136","Flareon","45","medium","35.43","55.12","10","56","1","Red","Flareon","ブースター","Pyroli","Fire","","136"
"137","Porygon","45","medium","31.5","80.47","1","56","1","Pink","Porygon","ポリゴン","Porygon","Normal","","137"
"138","Omanyte","45","medium","15.75","16.53","6;11","56","1","Blue","Omanyte","オムナイト","Amonita","Rock","Water","138"
"139","Omastar","45","medium","39.37","77.16","6;11","56","1","Blue","Omastar","オムスター","Amonistar","Rock","Water","139"
"140","Kabuto","45","medium","19.69","25.35","6;11","56","1","Brown","Kabuto","カブト","Kabuto","Rock","Water","140"
"141","Kabutops","45","medium","51.18","89.29","6;11","56","1","Brown","Kabutops","カブトプス","Kabutops","Rock","Water","141"
"142","Aerodactyl","45","slow","70.87","130.07","6;3","56","1","Purple","Aerodactyl","プテラ","Ptéra","Rock","Flying","142"
"143","Snorlax","25","slow","82.68","1014.13","1","56","1","Black","Snorlax","カビゴン","Ronflex","Normal","","143"
"144","Articuno","3","slow","66.93","122.14","15;3","56","1","Blue","Articuno","フリーザー","Artikodin","Ice","Flying","144"
"145","Zapdos","3","slow","62.99","115.96","13;3","56","1","Yellow","Zapdos","サンダー","Électhor","Electric","Flying","145"
"146","Moltres","3","slow","78.74","132.28","10;3","56","1","Yellow","Moltres","ファイヤー","Sulfura","Fire","Flying","146"
"147","Dratini","45","slow","70.87","7.28","16","56","1","Blue","Dratini","ミニリュウ","Minidraco","Dragon","","147"
"148","Dragonair","45","slow","157.48","36.38","16","56","1","Blue","Dragonair","ハクリュー","Draco","Dragon","","148"
"149","Dragonite","45","slow","86.61","462.97","16;3","56","1","Brown","Dragonite","カイリュー","Dracolosse","Dragon","Flying","149"
"150","Mewtwo","3","slow","78.74","268.96","14","56","1","Purple","Mewtwo","ミュウツー","Mewtwo","Psychic","","150"
"151","Mew","45","medium-slow","15.75","8.82","14","56","1","Pink","Mew","ミュウ","Mew","Psychic","","151"
"152","Chikorita","45","medium-slow","35.43","14.11","12","57","2","Green","Chikorita","チコリータ","Germignon","Grass","","152"
"153","Bayleef","45","medium-slow","47.24","34.83","12","57","2","Green","Bayleef","ベイリーフ","Macronium","Grass","","153"
"154","Meganium","45","medium-slow","70.87","221.56","12","57","2","Green","Meganium","メガニウム","Méganium","Grass","","154"
"155","Cyndaquil","45","medium-slow","19.69","17.42","10","57","2","Yellow","Cyndaquil","ヒノアラシ","Héricendre","Fire","","155"
"156","Quilava","45","medium-slow","35.43","41.89","10","57","2","Yellow","Quilava","マグマラシ","Feurisson","Fire","","156"
"157","Typhlosion","45","medium-slow","66.93","175.27","10","57","2","Yellow","Typhlosion","バクフーン","Typhlosion","Fire","","157"
"158","Totodile","45","medium-slow","23.62","20.94","11","57","2","Blue","Totodile","ワニノコ","Kaiminus","Water","","158"
"159","Croconaw","45","medium-slow","43.31","55.12","11","57","2","Blue","Croconaw","アリゲイツ","Crocrodil","Water","","159"
"160","Feraligatr","45","medium-slow","90.55","195.77","11","57","2","Blue","Feraligatr","オーダイル","Aligatueur","Water","","160"
"161","Sentret","255","medium","31.5","13.23","1","57","2","Brown","Sentret","オタチ","Fouinette","Normal","","161"
"162","Furret","90","medium","70.87","71.65","1","57","2","Brown","Furret","オオタチ","Fouinar","Normal","","162"
"163","Hoothoot","255","medium","27.56","46.74","1;3","57","2","Brown","Hoothoot","ホーホー","Hoothoot","Normal","Flying","163"
"164","Noctowl","90","medium","62.99","89.95","1;3","57","2","Brown","Noctowl","ヨルノズク","Noarfang","Normal","Flying","164"
"165","Ledyba","255","fast","39.37","23.81","7;3","57","2","Red","Ledyba","レディバ","Coxy","Bug","Flying","165"
"166","Ledian","90","fast","55.12","78.48","7;3","57","2","Red","Ledian","レディアン","Coxyclaque","Bug","Flying","166"
"167","Spinarak","255","fast","19.69","18.74","7;4","57","2","Green","Spinarak","イトマル","Mimigal","Bug","Poison","167"
"168","Ariados","90","fast","43.31","73.85","7;4","57","2","Red","Ariados","アリアドス","Migalos","Bug","Poison","168"
"169","Crobat","90","medium","70.87","165.35","4;3","57","2","Purple","Crobat","クロバット","Nostenfer","Poison","Flying","169"
"170","Chinchou","190","slow","19.69","26.46","11;13","57","2","Blue","Chinchou","チョンチー","Loupio","Water","Electric","170"
"171","Lanturn","75","slow","47.24","49.6","11;13","57","2","Blue","Lanturn","ランターン","Lanturn","Water","Electric","171"
"172","Pichu","190","medium","11.81","4.41","13","57","2","Yellow","Pichu","ピチュー","Pichu","Electric","","172"
"173","Cleffa","150","fast","11.81","6.61","18","57","2","Pink","Cleffa","ピィ","Mélo","Fairy","","173"
"174","Igglybuff","170","fast","11.81","2.2","1;18","57","2","Pink","Igglybuff","ププリン","Toudoudou","Normal","Fairy","174"
"175","Togepi","190","fast","11.81","3.31","18","57","2","White","Togepi","トゲピー","Togepi","Fairy","","175"
"176","Togetic","75","fast","23.62","7.05","18;3","57","2","White","Togetic","トゲチック","Togetic","Fairy","Flying","176"
"177","Natu","190","medium","7.87","4.41","14;3","57","2","Green","Natu","ネイティ","Natu","Psychic","Flying","177"
"178","Xatu","75","medium","59.06","33.07","14;3","57","2","Green","Xatu","ネイティオ","Xatu","Psychic","Flying","178"
"179","Mareep","235","medium-slow","23.62","17.2","13","57","2","White","Mareep","メリープ","Wattouat","Electric","","179"
"180","Flaaffy","120","medium-slow","31.5","29.32","13","57","2","Pink","Flaaffy","モココ","Lainergie","Electric","","180"
"181","Ampharos","45","medium-slow","55.12","135.58","13","57","2","Yellow","Ampharos","デンリュウ","Pharamp","Electric","","181"
"182","Bellossom","45","medium-slow","15.75","12.79","12","57","2","Green","Bellossom","キレイハナ","Joliflor","Grass","","182"
"183","Marill","190","fast","15.75","18.74","11;18","57","2","Blue","Marill","マリル","Marill","Water","Fairy","183"
"184","Azumarill","75","fast","31.5","62.83","11;18","57","2","Blue","Azumarill","マリルリ","Azumarill","Water","Fairy","184"
"185","Sudowoodo","65","medium","47.24","83.78","6","57","2","Brown","Sudowoodo","ウソッキー","Simularbre","Rock","","185"
"186","Politoed","45","medium-slow","43.31","74.74","11","57","2","Green","Politoed","ニョロトノ","Tarpaud","Water","","186"
"187","Hoppip","255","medium-slow","15.75","1.1","12;3","57","2","Pink","Hoppip","ハネッコ","Granivol","Grass","Flying","187"
"188","Skiploom","120","medium-slow","23.62","2.2","12;3","57","2","Green","Skiploom","ポポッコ","Floravol","Grass","Flying","188"
"189","Jumpluff","45","medium-slow","31.5","6.61","12;3","57","2","Blue","Jumpluff","ワタッコ","Cotovol","Grass","Flying","189"
"190","Aipom","45","fast","31.5","25.35","1","57","2","Purple","Aipom","エイパム","Capumain","Normal","","190"
"191","Sunkern","235","medium-slow","11.81","3.97","12","57","2","Yellow","Sunkern","ヒマナッツ","Tournegrin","Grass","","191"
"192","Sunflora","120","medium-slow","31.5","18.74","12","57","2","Yellow","Sunflora","キマワリ","Héliatronc","Grass","","192"
"193","Yanma","75","medium","47.24","83.78","7;3","57","2","Red","Yanma","ヤンヤンマ","Yanma","Bug","Flying","193"
"194","Wooper","255","medium","15.75","18.74","11;5","57","2","Blue","Wooper","ウパー","Axoloto","Water","Ground","194"
"195","Quagsire","90","medium","55.12","165.35","11;5","57","2","Blue","Quagsire","ヌオー","Maraiste","Water","Ground","195"
"196","Espeon","45","medium","35.43","58.42","14","57","2","Purple","Espeon","エーフィ","Mentali","Psychic","","196"
"197","Umbreon","45","medium","39.37","59.52","17","57","2","Black","Umbreon","ブラッキー","Noctali","Dark","","197"
"198","Murkrow","30","medium-slow","19.69","4.63","17;3","57","2","Black","Murkrow","ヤミカラス","Cornèbre","Dark","Flying","198"
"199","Slowking","70","medium","78.74","175.27","11;14","57","2","Pink","Slowking","ヤドキング","Roigada","Water","Psychic","199"
"200","Misdreavus","45","fast","27.56","2.2","8","57","2","Gray","Misdreavus","ムウマ","Feuforêve","Ghost","","200"
"201","Unown","225","medium","19.69","11.02","14","57","2","Black","Unown","アンノーン","Zarbi","Psychic","","201"
"202","Wobbuffet","45","medium","51.18","62.83","14","57","2","Blue","Wobbuffet","ソーナンス","Qulbutoké","Psychic","","202"
"203","Girafarig","60","medium","59.06","91.49","1;14","57","2","Yellow","Girafarig","キリンリキ","Girafarig","Normal","Psychic","203"
"204","Pineco","190","medium","23.62","15.87","7","57","2","Gray","Pineco","クヌギダマ","Pomdepik","Bug","","204"
"205","Forretress","75","medium","47.24","277.34","7;9","57","2","Purple","Forretress","フォレトス","Foretress","Bug","Steel","205"
"206","Dunsparce","190","medium","59.06","30.86","1","57","2","Yellow","Dunsparce","ノコッチ","Insolourdo","Normal","","206"
"207","Gligar","60","medium-slow","43.31","142.86","5;3","57","2","Purple","Gligar","グライガー","Scorplane","Ground","Flying","207"
"208","Steelix","25","medium","362.2","881.85","9;5","57","2","Gray","Steelix","ハガネール","Steelix","Steel","Ground","208"
"209","Snubbull","190","fast","23.62","17.2","18","57","2","Pink","Snubbull","ブルー","Snubbull","Fairy","","209"
"210","Granbull","75","fast","55.12","107.36","18","57","2","Purple","Granbull","グランブル","Granbull","Fairy","","210"
"211","Qwilfish","45","medium","19.69","8.6","11;4","57","2","Gray","Qwilfish","ハリーセン","Qwilfish","Water","Poison","211"
"212","Scizor","25","medium","70.87","260.15","7;9","57","2","Red","Scizor","ハッサム","Cizayox","Bug","Steel","212"
"213","Shuckle","190","medium-slow","23.62","45.19","7;6","57","2","Yellow","Shuckle","ツボツボ","Caratroc","Bug","Rock","213"
"214","Heracross","45","slow","59.06","119.05","7;2","57","2","Blue","Heracross","ヘラクロス","Scarhino","Bug","Fighting","214"
"215","Sneasel","60","medium-slow","35.43","61.73","17;15","57","2","Black","Sneasel","ニューラ","Farfuret","Dark","Ice","215"
"216","Teddiursa","120","medium","23.62","19.4","1","57","2","Brown","Teddiursa","ヒメグマ","Teddiursa","Normal","","216"
"217","Ursaring","60","medium","70.87","277.34","1","57","2","Brown","Ursaring","リングマ","Ursaring","Normal","","217"
"218","Slugma","190","medium","27.56","77.16","10","57","2","Red","Slugma","マグマッグ","Limagma","Fire","","218"
"219","Magcargo","75","medium","31.5","121.25","10;6","57","2","Red","Magcargo","マグカルゴ","Volcaropod","Fire","Rock","219"
"220","Swinub","225","slow","15.75","14.33","15;5","57","2","Brown","Swinub","ウリムー","Marcacrin","Ice","Ground","220"
"221","Piloswine","75","slow","43.31","123.02","15;5","57","2","Brown","Piloswine","イノムー","Cochignon","Ice","Ground","221"
"222","Corsola","60","fast","23.62","11.02","11;6","57","2","Pink","Corsola","サニーゴ","Corayon","Water","Rock","222"
"223","Remoraid","190","medium","23.62","26.46","11","57","2","Gray","Remoraid","テッポウオ","Rémoraid","Water","","223"
"224","Octillery","75","medium","35.43","62.83","11","57","2","Red","Octillery","オクタン","Octillery","Water","","224"
"225","Delibird","45","fast","35.43","35.27","15;3","57","2","Red","Delibird","デリバード","Cadoizo","Ice","Flying","225"
"226","Mantine","25","slow","82.68","485.02","11;3","57","2","Purple","Mantine","マンタイン","Démanta","Water","Flying","226"
"227","Skarmory","25","slow","66.93","111.33","9;3","57","2","Gray","Skarmory","エアームド","Airmure","Steel","Flying","227"
"228","Houndour","120","slow","23.62","23.81","17;10","57","2","Black","Houndour","デルビル","Malosse","Dark","Fire","228"
"229","Houndoom","45","slow","55.12","77.16","17;10","57","2","Black","Houndoom","ヘルガー","Démolosse","Dark","Fire","229"
"230","Kingdra","45","medium","70.87","335.1","11;16","57","2","Blue","Kingdra","キングドラ","Hyporoi","Water","Dragon","230"
"231","Phanpy","120","medium","19.69","73.85","5","57","2","Blue","Phanpy","ゴマゾウ","Phanpy","Ground","","231"
"232","Donphan","60","medium","43.31","264.55","5","57","2","Gray","Donphan","ドンファン","Donphan","Ground","","232"
"233","Porygon2","45","medium","23.62","71.65","1","57","2","Red","Porygon2","ポリゴン２","Porygon2","Normal","","233"
"234","Stantler","45","slow","55.12","156.97","1","57","2","Brown","Stantler","オドシシ","Cerfrousse","Normal","","234"
"235","Smeargle","45","fast","47.24","127.87","1","57","2","White","Smeargle","ドーブル","Queulorior","Normal","","235"
"236","Tyrogue","75","medium","27.56","46.3","2","57","2","Purple","Tyrogue","バルキー","Debugant","Fighting","","236"
"237","Hitmontop","45","medium","55.12","105.82","2","57","2","Brown","Hitmontop","カポエラー","Kapoera","Fighting","","237"
"238","Smoochum","45","medium","15.75","13.23","15;14","57","2","Pink","Smoochum","ムチュール","Lippouti","Ice","Psychic","238"
"239","Elekid","45","medium","23.62","51.81","13","57","2","Yellow","Elekid","エレキッド","Élekid","Electric","","239"
"240","Magby","45","medium","27.56","47.18","10","57","2","Red","Magby","ブビィ","Magby","Fire","","240"
"241","Miltank","45","slow","47.24","166.45","1","57","2","Pink","Miltank","ミルタンク","Écrémeuh","Normal","","241"
"242","Blissey","30","fast","59.06","103.18","1","57","2","Pink","Blissey","ハピナス","Leuphorie","Normal","","242"
"243","Raikou","3","slow","74.8","392.42","13","57","2","Yellow","Raikou","ライコウ","Raikou","Electric","","243"
"244","Entei","3","slow","82.68","436.51","10","57","2","Brown","Entei","エンテイ","Entei","Fire","","244"
"245","Suicune","3","slow","78.74","412.26","11","57","2","Blue","Suicune","スイクン","Suicune","Water","","245"
"246","Larvitar","45","slow","23.62","158.73","6;5","57","2","Green","Larvitar","ヨーギラス","Embrylex","Rock","Ground","246"
"247","Pupitar","45","slow","47.24","335.1","6;5","57","2","Gray","Pupitar","サナギラス","Ymphect","Rock","Ground","247"
"248","Tyranitar","45","slow","78.74","445.33","6;17","57","2","Green","Tyranitar","バンギラス","Tyranocif","Rock","Dark","248"
"249","Lugia","3","slow","204.72","476.2","14;3","57","2","White","Lugia","ルギア","Lugia","Psychic","Flying","249"
"250","Ho-oh","3","slow","149.61","438.72","10;3","57","2","Red","Ho-Oh","ホウオウ","Ho-Oh","Fire","Flying","250"
"251","Celebi","45","medium-slow","23.62","11.02","14;12","57","2","Green","Celebi","セレビィ","Celebi","Psychic","Grass","251"
"252","Treecko","45","medium-slow","19.69","11.02","12","58","3","Green","Treecko","キモリ","Arcko","Grass","","252"
"253","Grovyle","45","medium-slow","35.43","47.62","12","58","3","Green","Grovyle","ジュプトル","Massko","Grass","","253"
"254","Sceptile","45","medium-slow","66.93","115.08","12","58","3","Green","Sceptile","ジュカイン","Jungko","Grass","","254"
"255","Torchic","45","medium-slow","15.75","5.51","10","58","3","Red","Torchic","アチャモ","Poussifeu","Fire","","255"
"256","Combusken","45","medium-slow","35.43","42.99","10;2","58","3","Red","Combusken","ワカシャモ","Galifeu","Fire","Fighting","256"
"257","Blaziken","45","medium-slow","74.8","114.64","10;2","58","3","Red","Blaziken","バシャーモ","Braségali","Fire","Fighting","257"
"258","Mudkip","45","medium-slow","15.75","16.76","11","58","3","Blue","Mudkip","ミズゴロウ","Gobou","Water","","258"
"259","Marshtomp","45","medium-slow","27.56","61.73","11;5","58","3","Blue","Marshtomp","ヌマクロー","Flobio","Water","Ground","259"
"260","Swampert","45","medium-slow","59.06","180.56","11;5","58","3","Blue","Swampert","ラグラージ","Laggron","Water","Ground","260"
"261","Poochyena","255","medium","19.69","29.98","17","58","3","Gray","Poochyena","ポチエナ","Medhyèna","Dark","","261"
"262","Mightyena","127","medium","39.37","81.57","17","58","3","Gray","Mightyena","グラエナ","Grahyèna","Dark","","262"
"263","Zigzagoon","255","medium","15.75","38.58","1","58","3","Brown","Zigzagoon","ジグザグマ","Zigzaton","Normal","","263"
"264","Linoone","90","medium","19.69","71.65","1","58","3","White","Linoone","マッスグマ","Linéon","Normal","","264"
"265","Wurmple","255","medium","11.81","7.94","7","58","3","Red","Wurmple","ケムッソ","Chenipotte","Bug","","265"
"266","Silcoon","120","medium","23.62","22.05","7","58","3","White","Silcoon","カラサリス","Armulys","Bug","","266"
"267","Beautifly","45","medium","39.37","62.61","7;3","58","3","Yellow","Beautifly","アゲハント","Charmillon","Bug","Flying","267"
"268","Cascoon","120","medium","27.56","25.35","7","58","3","Purple","Cascoon","マユルド","Blindalys","Bug","","268"
"269","Dustox","45","medium","47.24","69.67","7;4","58","3","Green","Dustox","ドクケイル","Papinox","Bug","Poison","269"
"270","Lotad","255","medium-slow","19.69","5.73","11;12","58","3","Green","Lotad","ハスボー","Nénupiot","Water","Grass","270"
"271","Lombre","120","medium-slow","47.24","71.65","11;12","58","3","Green","Lombre","ハスブレロ","Lombre","Water","Grass","271"
"272","Ludicolo","45","medium-slow","59.06","121.25","11;12","58","3","Green","Ludicolo","ルンパッパ","Ludicolo","Water","Grass","272"
"273","Seedot","255","medium-slow","19.69","8.82","12","58","3","Brown","Seedot","タネボー","Grainipiot","Grass","","273"
"274","Nuzleaf","120","medium-slow","39.37","61.73","12;17","58","3","Brown","Nuzleaf","コノハナ","Pifeuil","Grass","Dark","274"
"275","Shiftry","45","medium-slow","51.18","131.4","12;17","58","3","Brown","Shiftry","ダーテング","Tengalice","Grass","Dark","275"
"276","Taillow","200","medium-slow","11.81","5.07","1;3","58","3","Blue","Taillow","スバメ","Nirondelle","Normal","Flying","276"
"277","Swellow","45","medium-slow","27.56","43.65","1;3","58","3","Blue","Swellow","オオスバメ","Hélédelle","Normal","Flying","277"
"278","Wingull","190","medium","23.62","20.94","11;3","58","3","White","Wingull","キャモメ","Goélise","Water","Flying","278"
"279","Pelipper","45","medium","47.24","61.73","11;3","58","3","Yellow","Pelipper","ペリッパー","Bekipan","Water","Flying","279"
"280","Ralts","235","slow","15.75","14.55","14;18","58","3","White","Ralts","ラルトス","Tarsal","Psychic","Fairy","280"
"281","Kirlia","120","slow","31.5","44.53","14;18","58","3","White","Kirlia","キルリア","Kirlia","Psychic","Fairy","281"
"282","Gardevoir","45","slow","62.99","106.7","14;18","58","3","White","Gardevoir","サーナイト","Gardevoir","Psychic","Fairy","282"
"283","Surskit","200","medium","19.69","3.75","7;11","58","3","Blue","Surskit","アメタマ","Arakdo","Bug","Water","283"
"284","Masquerain","75","medium","31.5","7.94","7;3","58","3","Blue","Masquerain","アメモース","Maskadra","Bug","Flying","284"
"285","Shroomish","255","fast-then-very-slow","15.75","9.92","12","58","3","Brown","Shroomish","キノココ","Balignon","Grass","","285"
"286","Breloom","90","fast-then-very-slow","47.24","86.42","12;2","58","3","Green","Breloom","キノガッサ","Chapignon","Grass","Fighting","286"
"287","Slakoth","255","slow","31.5","52.91","1","58","3","Brown","Slakoth","ナマケロ","Parecool","Normal","","287"
"288","Vigoroth","120","slow","55.12","102.51","1","58","3","White","Vigoroth","ヤルキモノ","Vigoroth","Normal","","288"
"289","Slaking","45","slow","78.74","287.7","1","58","3","Brown","Slaking","ケッキング","Monaflèmit","Normal","","289"
"290","Nincada","255","slow-then-very-fast","19.69","12.13","7;5","58","3","Gray","Nincada","ツチニン","Ningale","Bug","Ground","290"
"291","Ninjask","120","slow-then-very-fast","31.5","26.46","7;3","58","3","Yellow","Ninjask","テッカニン","Ninjask","Bug","Flying","291"
"292","Shedinja","45","slow-then-very-fast","31.5","2.65","7;8","58","3","Brown","Shedinja","ヌケニン","Munja","Bug","Ghost","292"
"293","Whismur","190","medium-slow","23.62","35.94","1","58","3","Pink","Whismur","ゴニョニョ","Chuchmur","Normal","","293"
"294","Loudred","120","medium-slow","39.37","89.29","1","58","3","Blue","Loudred","ドゴーム","Ramboum","Normal","","294"
"295","Exploud","45","medium-slow","59.06","185.19","1","58","3","Blue","Exploud","バクオング","Brouhabam","Normal","","295"
"296","Makuhita","180","fast-then-very-slow","39.37","190.48","2","58","3","Yellow","Makuhita","マクノシタ","Makuhita","Fighting","","296"
"297","Hariyama","200","fast-then-very-slow","90.55","559.53","2","58","3","Brown","Hariyama","ハリテヤマ","Hariyama","Fighting","","297"
"298","Azurill","150","fast","7.87","4.41","1;18","58","3","Blue","Azurill","ルリリ","Azurill","Normal","Fairy","298"
"299","Nosepass","255","medium","39.37","213.85","6","58","3","Gray","Nosepass","ノズパス","Tarinor","Rock","","299"
"300","Skitty","255","fast","23.62","24.25","1","58","3","Pink","Skitty","エネコ","Skitty","Normal","","300"
"301","Delcatty","60","fast","43.31","71.87","1","58","3","Purple","Delcatty","エネコロロ","Delcatty","Normal","","301"
"302","Sableye","45","medium-slow","19.69","24.25","17;8","58","3","Purple","Sableye","ヤミラミ","Ténéfix","Dark","Ghost","302"
"303","Mawile","45","fast","23.62","25.35","9;18","58","3","Black","Mawile","クチート","Mysdibule","Steel","Fairy","303"
"304","Aron","180","slow","15.75","132.28","9;6","58","3","Gray","Aron","ココドラ","Galekid","Steel","Rock","304"
"305","Lairon","90","slow","35.43","264.55","9;6","58","3","Gray","Lairon","コドラ","Galegon","Steel","Rock","305"
"306","Aggron","45","slow","82.68","793.66","9;6","58","3","Gray","Aggron","ボスゴドラ","Galeking","Steel","Rock","306"
"307","Meditite","180","medium","23.62","24.69","2;14","58","3","Blue","Meditite","アサナン","Méditikka","Fighting","Psychic","307"
"308","Medicham","90","medium","51.18","69.45","2;14","58","3","Red","Medicham","チャーレム","Charmina","Fighting","Psychic","308"
"309","Electrike","120","slow","23.62","33.51","13","58","3","Green","Electrike","ラクライ","Dynavolt","Electric","","309"
"310","Manectric","45","slow","59.06","88.63","13","58","3","Yellow","Manectric","ライボルト","Élecsprint","Electric","","310"
"311","Plusle","200","medium","15.75","9.26","13","58","3","Yellow","Plusle","プラスル","Posipi","Electric","","311"
"312","Minun","200","medium","15.75","9.26","13","58","3","Yellow","Minun","マイナン","Négapi","Electric","","312"
"313","Volbeat","150","slow-then-very-fast","27.56","39.02","7","58","3","Gray","Volbeat","バルビート","Muciole","Bug","","313"
"314","Illumise","150","fast-then-very-slow","23.62","39.02","7","58","3","Purple","Illumise","イルミーゼ","Lumivole","Bug","","314"
"315","Roselia","150","medium-slow","11.81","4.41","12;4","58","3","Green","Roselia","ロゼリア","Rosélia","Grass","Poison","315"
"316","Gulpin","225","fast-then-very-slow","15.75","22.71","4","58","3","Green","Gulpin","ゴクリン","Gloupti","Poison","","316"
"317","Swalot","75","fast-then-very-slow","66.93","176.37","4","58","3","Purple","Swalot","マルノーム","Avaltout","Poison","","317"
"318","Carvanha","225","slow","31.5","45.86","11;17","58","3","Red","Carvanha","キバニア","Carvanha","Water","Dark","318"
"319","Sharpedo","60","slow","70.87","195.77","11;17","58","3","Blue","Sharpedo","サメハダー","Sharpedo","Water","Dark","319"
"320","Wailmer","125","fast-then-very-slow","78.74","286.6","11","58","3","Blue","Wailmer","ホエルコ","Wailmer","Water","","320"
"321","Wailord","60","fast-then-very-slow","570.87","877.44","11","58","3","Blue","Wailord","ホエルオー","Wailord","Water","","321"
"322","Numel","255","medium","27.56","52.91","10;5","58","3","Yellow","Numel","ドンメル","Chamallot","Fire","Ground","322"
"323","Camerupt","150","medium","74.8","485.02","10;5","58","3","Red","Camerupt","バクーダ","Camérupt","Fire","Ground","323"
"324","Torkoal","90","medium","19.69","177.25","10","58","3","Brown","Torkoal","コータス","Chartor","Fire","","324"
"325","Spoink","255","fast","27.56","67.46","14","58","3","Black","Spoink","バネブー","Spoink","Psychic","","325"
"326","Grumpig","60","fast","35.43","157.63","14","58","3","Purple","Grumpig","ブーピッグ","Groret","Psychic","","326"
"327","Spinda","255","fast","43.31","11.02","1","58","3","Brown","Spinda","パッチール","Spinda","Normal","","327"
"328","Trapinch","255","medium-slow","27.56","33.07","5","58","3","Brown","Trapinch","ナックラー","Kraknoix","Ground","","328"
"329","Vibrava","120","medium-slow","43.31","33.73","5;16","58","3","Green","Vibrava","ビブラーバ","Vibraninf","Ground","Dragon","329"
"330","Flygon","45","medium-slow","78.74","180.78","5;16","58","3","Green","Flygon","フライゴン","Libégon","Ground","Dragon","330"
"331","Cacnea","190","medium-slow","15.75","113.1","12","58","3","Green","Cacnea","サボネア","Cacnea","Grass","","331"
"332","Cacturne","60","medium-slow","51.18","170.64","12;17","58","3","Green","Cacturne","ノクタス","Cacturne","Grass","Dark","332"
"333","Swablu","255","slow-then-very-fast","15.75","2.65","1;3","58","3","Blue","Swablu","チルット","Tylton","Normal","Flying","333"
"334","Altaria","45","slow-then-very-fast","43.31","45.42","16;3","58","3","Blue","Altaria","チルタリス","Altaria","Dragon","Flying","334"
"335","Zangoose","90","slow-then-very-fast","51.18","88.85","1","58","3","White","Zangoose","ザングース","Mangriff","Normal","","335"
"336","Seviper","90","fast-then-very-slow","106.3","115.74","4","58","3","Black","Seviper","ハブネーク","Séviper","Poison","","336"
"337","Lunatone","45","fast","39.37","370.38","6;14","58","3","Yellow","Lunatone","ルナトーン","Séléroc","Rock","Psychic","337"
"338","Solrock","45","fast","47.24","339.51","6;14","58","3","Red","Solrock","ソルロック","Solaroc","Rock","Psychic","338"
"339","Barboach","190","medium","15.75","4.19","11;5","58","3","Gray","Barboach","ドジョッチ","Barloche","Water","Ground","339"
"340","Whiscash","75","medium","35.43","52.03","11;5","58","3","Blue","Whiscash","ナマズン","Barbicha","Water","Ground","340"
"341","Corphish","205","fast-then-very-slow","23.62","25.35","11","58","3","Red","Corphish","ヘイガニ","Écrapince","Water","","341"
"342","Crawdaunt","155","fast-then-very-slow","43.31","72.31","11;17","58","3","Red","Crawdaunt","シザリガー","Colhomard","Water","Dark","342"
"343","Baltoy","255","medium","19.69","47.4","5;14","58","3","Brown","Baltoy","ヤジロン","Balbuto","Ground","Psychic","343"
"344","Claydol","90","medium","59.06","238.1","5;14","58","3","Black","Claydol","ネンドール","Kaorine","Ground","Psychic","344"
"345","Lileep","45","slow-then-very-fast","39.37","52.47","6;12","58","3","Purple","Lileep","リリーラ","Lilia","Rock","Grass","345"
"346","Cradily","45","slow-then-very-fast","59.06","133.16","6;12","58","3","Green","Cradily","ユレイドル","Vacilys","Rock","Grass","346"
"347","Anorith","45","slow-then-very-fast","27.56","27.56","6;7","58","3","Gray","Anorith","アノプス","Anorith","Rock","Bug","347"
"348","Armaldo","45","slow-then-very-fast","59.06","150.36","6;7","58","3","Gray","Armaldo","アーマルド","Armaldo","Rock","Bug","348"
"349","Feebas","255","slow-then-very-fast","23.62","16.31","11","58","3","Brown","Feebas","ヒンバス","Barpau","Water","","349"
"350","Milotic","60","slow-then-very-fast","244.09","357.15","11","58","3","Pink","Milotic","ミロカロス","Milobellus","Water","","350"
"351","Castform","45","medium","11.81","1.76","1","58","3","Gray","Castform","ポワルン","Morphéo","Normal","","351"
"352","Kecleon","200","medium-slow","39.37","48.5","1","58","3","Green","Kecleon","カクレオン","Kecleon","Normal","","352"
"353","Shuppet","225","fast","23.62","5.07","8","58","3","Black","Shuppet","カゲボウズ","Polichombr","Ghost","","353"
"354","Banette","45","fast","43.31","27.56","8","58","3","Black","Banette","ジュペッタ","Branette","Ghost","","354"
"355","Duskull","190","fast","31.5","33.07","8","58","3","Black","Duskull","ヨマワル","Skelénox","Ghost","","355"
"356","Dusclops","90","fast","62.99","67.46","8","58","3","Black","Dusclops","サマヨール","Téraclope","Ghost","","356"
"357","Tropius","200","slow","78.74","220.46","12;3","58","3","Green","Tropius","トロピウス","Tropius","Grass","Flying","357"
"358","Chimecho","45","fast","23.62","2.2","14","58","3","Blue","Chimecho","チリーン","Éoko","Psychic","","358"
"359","Absol","30","medium-slow","47.24","103.62","17","58","3","White","Absol","アブソル","Absol","Dark","","359"
"360","Wynaut","125","medium","23.62","30.86","14","58","3","Blue","Wynaut","ソーナノ","Okéoké","Psychic","","360"
"361","Snorunt","190","medium","27.56","37.04","15","58","3","Gray","Snorunt","ユキワラシ","Stalgamin","Ice","","361"
"362","Glalie","75","medium","59.06","565.48","15","58","3","Gray","Glalie","オニゴーリ","Oniglali","Ice","","362"
"363","Spheal","255","medium-slow","31.5","87.08","15;11","58","3","Blue","Spheal","タマザラシ","Obalie","Ice","Water","363"
"364","Sealeo","120","medium-slow","43.31","193.12","15;11","58","3","Blue","Sealeo","トドグラー","Phogleur","Ice","Water","364"
"365","Walrein","45","medium-slow","55.12","332.02","15;11","58","3","Blue","Walrein","トドゼルガ","Kaimorse","Ice","Water","365"
"366","Clamperl","255","slow-then-very-fast","15.75","115.74","11","58","3","Blue","Clamperl","パールル","Coquiperl","Water","","366"
"367","Huntail","60","slow-then-very-fast","66.93","59.52","11","58","3","Blue","Huntail","ハンテール","Serpang","Water","","367"
"368","Gorebyss","60","slow-then-very-fast","70.87","49.82","11","58","3","Pink","Gorebyss","サクラビス","Rosabyss","Water","","368"
"369","Relicanth","25","slow","39.37","51.59","11;6","58","3","Gray","Relicanth","ジーランス","Relicanth","Water","Rock","369"
"370","Luvdisc","225","fast","23.62","19.18","11","58","3","Pink","Luvdisc","ラブカス","Lovdisc","Water","","370"
"371","Bagon","45","slow","23.62","92.81","16","58","3","Blue","Bagon","タツベイ","Draby","Dragon","","371"
"372","Shelgon","45","slow","43.31","243.61","16","58","3","White","Shelgon","コモルー","Drackhaus","Dragon","","372"
"373","Salamence","45","slow","59.06","226.19","16;3","58","3","Blue","Salamence","ボーマンダ","Drattak","Dragon","Flying","373"
"374","Beldum","3","slow","23.62","209.88","9;14","58","3","Blue","Beldum","ダンバル","Terhal","Steel","Psychic","374"
"375","Metang","3","slow","47.24","446.44","9;14","58","3","Blue","Metang","メタング","Métang","Steel","Psychic","375"
"376","Metagross","3","slow","62.99","1212.54","9;14","58","3","Blue","Metagross","メタグロス","Métalosse","Steel","Psychic","376"
"377","Regirock","3","slow","66.93","507.06","6","58","3","Brown","Regirock","レジロック","Regirock","Rock","","377"
"378","Regice","3","slow","70.87","385.81","15","58","3","Blue","Regice","レジアイス","Regice","Ice","","378"
"379","Registeel","3","slow","74.8","451.95","9","58","3","Gray","Registeel","レジスチル","Registeel","Steel","","379"
"380","Latias","3","slow","55.12","88.18","16;14","58","3","Red","Latias","ラティアス","Latias","Dragon","Psychic","380"
"381","Latios","3","slow","78.74","132.28","16;14","58","3","Blue","Latios","ラティオス","Latios","Dragon","Psychic","381"
"382","Kyogre","3","slow","177.17","776.03","11","58","3","Blue","Kyogre","カイオーガ","Kyogre","Water","","382"
"383","Groudon","3","slow","137.8","2094.39","5","58","3","Red","Groudon","グラードン","Groudon","Ground","","383"
"384","Rayquaza","45","slow","275.59","455.25","16;3","58","3","Green","Rayquaza","レックウザ","Rayquaza","Dragon","Flying","384"
"385","Jirachi","3","slow","11.81","2.43","9;14","58","3","Yellow","Jirachi","ジラーチ","Jirachi","Steel","Psychic","385"
"386","Deoxys-normal","3","slow","66.93","134.04","14","58","3","Red","Deoxys","デオキシス","Deoxys","Psychic","","386"
"387","Turtwig","45","medium-slow","15.75","22.49","12","59","4","Green","Turtwig","ナエトル","Tortipouss","Grass","","387"
"388","Grotle","45","medium-slow","43.31","213.85","12","59","4","Green","Grotle","ハヤシガメ","Boskara","Grass","","388"
"389","Torterra","45","medium-slow","86.61","683.43","12;5","59","4","Green","Torterra","ドダイトス","Torterra","Grass","Ground","389"
"390","Chimchar","45","medium-slow","19.69","13.67","10","59","4","Brown","Chimchar","ヒコザル","Ouisticram","Fire","","390"
"391","Monferno","45","medium-slow","35.43","48.5","10;2","59","4","Brown","Monferno","モウカザル","Chimpenfeu","Fire","Fighting","391"
"392","Infernape","45","medium-slow","47.24","121.25","10;2","59","4","Brown","Infernape","ゴウカザル","Simiabraz","Fire","Fighting","392"
"393","Piplup","45","medium-slow","15.75","11.46","11","59","4","Blue","Piplup","ポッチャマ","Tiplouf","Water","","393"
"394","Prinplup","45","medium-slow","31.5","50.71","11","59","4","Blue","Prinplup","ポッタイシ","Prinplouf","Water","","394"
"395","Empoleon","45","medium-slow","66.93","186.29","11;9","59","4","Blue","Empoleon","エンペルト","Pingoléon","Water","Steel","395"
"396","Starly","255","medium-slow","11.81","4.41","1;3","59","4","Brown","Starly","ムックル","Étourmi","Normal","Flying","396"
"397","Staravia","120","medium-slow","23.62","34.17","1;3","59","4","Brown","Staravia","ムクバード","Étourvol","Normal","Flying","397"
"398","Staraptor","45","medium-slow","47.24","54.9","1;3","59","4","Brown","Staraptor","ムクホーク","Étouraptor","Normal","Flying","398"
"399","Bidoof","255","medium","19.69","44.09","1","59","4","Brown","Bidoof","ビッパ","Keunotor","Normal","","399"
"400","Bibarel","127","medium","39.37","69.45","1;11","59","4","Brown","Bibarel","ビーダル","Castorno","Normal","Water","400"
"401","Kricketot","255","medium-slow","11.81","4.85","7","59","4","Red","Kricketot","コロボーシ","Crikzik","Bug","","401"
"402","Kricketune","45","medium-slow","39.37","56.22","7","59","4","Red","Kricketune","コロトック","Mélokrik","Bug","","402"
"403","Shinx","235","medium-slow","19.69","20.94","13","59","4","Blue","Shinx","コリンク","Lixy","Electric","","403"
"404","Luxio","120","medium-slow","35.43","67.24","13","59","4","Blue","Luxio","ルクシオ","Luxio","Electric","","404"
"405","Luxray","45","medium-slow","55.12","92.59","13","59","4","Blue","Luxray","レントラー","Luxray","Electric","","405"
"406","Budew","255","medium-slow","7.87","2.65","12;4","59","4","Green","Budew","スボミー","Rozbouton","Grass","Poison","406"
"407","Roserade","75","medium-slow","35.43","31.97","12;4","59","4","Green","Roserade","ロズレイド","Roserade","Grass","Poison","407"
"408","Cranidos","45","slow-then-very-fast","35.43","69.45","6","59","4","Blue","Cranidos","ズガイドス","Kranidos","Rock","","408"
"409","Rampardos","45","slow-then-very-fast","62.99","225.97","6","59","4","Blue","Rampardos","ラムパルド","Charkos","Rock","","409"
"410","Shieldon","45","slow-then-very-fast","19.69","125.66","6;9","59","4","Gray","Shieldon","タテトプス","Dinoclier","Rock","Steel","410"
"411","Bastiodon","45","slow-then-very-fast","51.18","329.59","6;9","59","4","Gray","Bastiodon","トリデプス","Bastiodon","Rock","Steel","411"
"412","Burmy","120","medium","7.87","7.5","7","59","4","Green","Burmy","ミノムッチ","Cheniti","Bug","","412"
"413","Wormadam-plant","45","medium","19.69","14.33","7;12","59","4","Green","Wormadam","ミノマダム","Cheniselle","Bug","Grass","413"
"414","Mothim","45","medium","35.43","51.37","7;3","59","4","Yellow","Mothim","ガーメイル","Papilord","Bug","Flying","414"
"415","Combee","120","medium-slow","11.81","12.13","7;3","59","4","Yellow","Combee","ミツハニー","Apitrini","Bug","Flying","415"
"416","Vespiquen","45","medium-slow","47.24","84.88","7;3","59","4","Yellow","Vespiquen","ビークイン","Apireine","Bug","Flying","416"
"417","Pachirisu","200","medium","15.75","8.6","13","59","4","White","Pachirisu","パチリス","Pachirisu","Electric","","417"
"418","Buizel","190","medium","27.56","65.04","11","59","4","Brown","Buizel","ブイゼル","Mustébouée","Water","","418"
"419","Floatzel","75","medium","43.31","73.85","11","59","4","Brown","Floatzel","フローゼル","Mustéflott","Water","","419"
"420","Cherubi","190","medium","15.75","7.28","12","59","4","Pink","Cherubi","チェリンボ","Ceribou","Grass","","420"
"421","Cherrim","75","medium","19.69","20.5","12","59","4","Purple","Cherrim","チェリム","Ceriflor","Grass","","421"
"422","Shellos","190","medium","11.81","13.89","11","59","4","Purple","Shellos","カラナクシ","Sancoki","Water","","422"
"423","Gastrodon","75","medium","35.43","65.92","11;5","59","4","Purple","Gastrodon","トリトドン","Tritosor","Water","Ground","423"
"424","Ambipom","45","fast","47.24","44.75","1","59","4","Purple","Ambipom","エテボース","Capidextre","Normal","","424"
"425","Drifloon","125","fast-then-very-slow","15.75","2.65","8;3","59","4","Purple","Drifloon","フワンテ","Baudrive","Ghost","Flying","425"
"426","Drifblim","60","fast-then-very-slow","47.24","33.07","8;3","59","4","Purple","Drifblim","フワライド","Grodrive","Ghost","Flying","426"
"427","Buneary","190","medium","15.75","12.13","1","59","4","Brown","Buneary","ミミロル","Laporeille","Normal","","427"
"428","Lopunny","60","medium","47.24","73.41","1","59","4","Brown","Lopunny","ミミロップ","Lockpin","Normal","","428"
"429","Mismagius","45","fast","35.43","9.7","8","59","4","Purple","Mismagius","ムウマージ","Magirêve","Ghost","","429"
"430","Honchkrow","30","medium-slow","35.43","60.19","17;3","59","4","Black","Honchkrow","ドンカラス","Corboss","Dark","Flying","430"
"431","Glameow","190","fast","19.69","8.6","1","59","4","Gray","Glameow","ニャルマー","Chaglam","Normal","","431"
"432","Purugly","75","fast","39.37","96.56","1","59","4","Gray","Purugly","ブニャット","Chaffreux","Normal","","432"
"433","Chingling","120","fast","7.87","1.32","14","59","4","Yellow","Chingling","リーシャン","Korillon","Psychic","","433"
"434","Stunky","225","medium","15.75","42.33","4;17","59","4","Purple","Stunky","スカンプー","Moufouette","Poison","Dark","434"
"435","Skuntank","60","medium","39.37","83.78","4;17","59","4","Purple","Skuntank","スカタンク","Moufflair","Poison","Dark","435"
"436","Bronzor","255","medium","19.69","133.38","9;14","59","4","Green","Bronzor","ドーミラー","Archéomire","Steel","Psychic","436"
"437","Bronzong","90","medium","51.18","412.26","9;14","59","4","Green","Bronzong","ドータクン","Archéodong","Steel","Psychic","437"
"438","Bonsly","255","medium","19.69","33.07","6","59","4","Brown","Bonsly","ウソハチ","Manzaï","Rock","","438"
"439","Mime-jr","145","medium","23.62","28.66","14;18","59","4","Pink","Mime Jr.","マネネ","Mime Jr.","Psychic","Fairy","439"
"440","Happiny","130","fast","23.62","53.79","1","59","4","Pink","Happiny","ピンプク","Ptiravi","Normal","","440"
"441","Chatot","30","medium-slow","19.69","4.19","1;3","59","4","Black","Chatot","ペラップ","Pijako","Normal","Flying","441"
"442","Spiritomb","100","medium","39.37","238.1","8;17","59","4","Purple","Spiritomb","ミカルゲ","Spiritomb","Ghost","Dark","442"
"443","Gible","45","slow","27.56","45.19","16;5","59","4","Blue","Gible","フカマル","Griknot","Dragon","Ground","443"
"444","Gabite","45","slow","55.12","123.46","16;5","59","4","Blue","Gabite","ガバイト","Carmache","Dragon","Ground","444"
"445","Garchomp","45","slow","74.8","209.44","16;5","59","4","Blue","Garchomp","ガブリアス","Carchacrok","Dragon","Ground","445"
"446","Munchlax","50","slow","23.62","231.49","1","59","4","Black","Munchlax","ゴンベ","Goinfrex","Normal","","446"
"447","Riolu","75","medium-slow","27.56","44.53","2","59","4","Blue","Riolu","リオル","Riolu","Fighting","","447"
"448","Lucario","45","medium-slow","47.24","119.05","2;9","59","4","Blue","Lucario","ルカリオ","Lucario","Fighting","Steel","448"
"449","Hippopotas","140","slow","31.5","109.13","5","59","4","Brown","Hippopotas","ヒポポタス","Hippopotas","Ground","","449"
"450","Hippowdon","60","slow","78.74","661.39","5","59","4","Brown","Hippowdon","カバルドン","Hippodocus","Ground","","450"
"451","Skorupi","120","slow","31.5","26.46","4;7","59","4","Purple","Skorupi","スコルピ","Rapion","Poison","Bug","451"
"452","Drapion","45","slow","51.18","135.58","4;17","59","4","Purple","Drapion","ドラピオン","Drascore","Poison","Dark","452"
"453","Croagunk","140","medium","27.56","50.71","4;2","59","4","Blue","Croagunk","グレッグル","Cradopaud","Poison","Fighting","453"
"454","Toxicroak","75","medium","51.18","97.89","4;2","59","4","Blue","Toxicroak","ドクロッグ","Coatox","Poison","Fighting","454"
"455","Carnivine","200","slow","55.12","59.52","12","59","4","Green","Carnivine","マスキッパ","Vortente","Grass","","455"
"456","Finneon","190","slow-then-very-fast","15.75","15.43","11","59","4","Blue","Finneon","ケイコウオ","Écayon","Water","","456"
"457","Lumineon","75","slow-then-very-fast","47.24","52.91","11","59","4","Blue","Lumineon","ネオラント","Luminéon","Water","","457"
"458","Mantyke","25","slow","39.37","143.3","11;3","59","4","Blue","Mantyke","タマンタ","Babimanta","Water","Flying","458"
"459","Snover","120","slow","39.37","111.33","12;15","59","4","White","Snover","ユキカブリ","Blizzi","Grass","Ice","459"
"460","Abomasnow","60","slow","86.61","298.73","12;15","59","4","White","Abomasnow","ユキノオー","Blizzaroi","Grass","Ice","460"
"461","Weavile","45","medium-slow","43.31","74.96","17;15","59","4","Black","Weavile","マニューラ","Dimoret","Dark","Ice","461"
"462","Magnezone","30","medium","47.24","396.83","13;9","59","4","Gray","Magnezone","ジバコイル","Magnézone","Electric","Steel","462"
"463","Lickilicky","30","medium","66.93","308.65","1","59","4","Pink","Lickilicky","ベロベルト","Coudlangue","Normal","","463"
"464","Rhyperior","30","slow","94.49","623.47","5;6","59","4","Gray","Rhyperior","ドサイドン","Rhinastoc","Ground","Rock","464"
"465","Tangrowth","30","medium","78.74","283.51","12","59","4","Blue","Tangrowth","モジャンボ","Bouldeneu","Grass","","465"
"466","Electivire","30","medium","70.87","305.56","13","59","4","Yellow","Electivire","エレキブル","Élekable","Electric","","466"
"467","Magmortar","30","medium","62.99","149.91","10","59","4","Red","Magmortar","ブーバーン","Maganon","Fire","","467"
"468","Togekiss","30","fast","59.06","83.78","18;3","59","4","White","Togekiss","トゲキッス","Togekiss","Fairy","Flying","468"
"469","Yanmega","30","medium","74.8","113.54","7;3","59","4","Green","Yanmega","メガヤンマ","Yanmega","Bug","Flying","469"
"470","Leafeon","45","medium","39.37","56.22","12","59","4","Green","Leafeon","リーフィア","Phyllali","Grass","","470"
"471","Glaceon","45","medium","31.5","57.1","15","59","4","Blue","Glaceon","グレイシア","Givrali","Ice","","471"
"472","Gliscor","30","medium-slow","78.74","93.7","5;3","59","4","Purple","Gliscor","グライオン","Scorvol","Ground","Flying","472"
"473","Mamoswine","50","slow","98.43","641.54","15;5","59","4","Brown","Mamoswine","マンムー","Mammochon","Ice","Ground","473"
"474","Porygon-z","30","medium","35.43","74.96","1","59","4","Red","Porygon-Z","ポリゴンＺ","Porygon-Z","Normal","","474"
"475","Gallade","45","slow","62.99","114.64","14;2","59","4","White","Gallade","エルレイド","Gallame","Psychic","Fighting","475"
"476","Probopass","60","medium","55.12","749.57","6;9","59","4","Gray","Probopass","ダイノーズ","Tarinorme","Rock","Steel","476"
"477","Dusknoir","45","fast","86.61","235.01","8","59","4","Black","Dusknoir","ヨノワール","Noctunoir","Ghost","","477"
"478","Froslass","75","medium","51.18","58.64","15;8","59","4","White","Froslass","ユキメノコ","Momartik","Ice","Ghost","478"
"479","Rotom","45","medium","11.81","0.66","13;8","59","4","Red","Rotom","ロトム","Motisma","Electric","Ghost","479"
"480","Uxie","3","slow","11.81","0.66","14","59","4","Yellow","Uxie","ユクシー","Créhelf","Psychic","","480"
"481","Mesprit","3","slow","11.81","0.66","14","59","4","Pink","Mesprit","エムリット","Créfollet","Psychic","","481"
"482","Azelf","3","slow","11.81","0.66","14","59","4","Blue","Azelf","アグノム","Créfadet","Psychic","","482"
"483","Dialga","3","slow","212.6","1505.76","9;16","59","4","White","Dialga","ディアルガ","Dialga","Steel","Dragon","483"
"484","Palkia","3","slow","165.35","740.75","11;16","59","4","Purple","Palkia","パルキア","Palkia","Water","Dragon","484"
"485","Heatran","3","slow","66.93","947.99","10;9","59","4","Brown","Heatran","ヒードラン","Heatran","Fire","Steel","485"
"486","Regigigas","3","slow","145.67","925.94","1","59","4","White","Regigigas","レジギガス","Regigigas","Normal","","486"
"487","Giratina-altered","3","slow","177.17","1653.46","8;16","59","4","Black","Giratina","ギラティナ","Giratina","Ghost","Dragon","487"
"488","Cresselia","3","slow","59.06","188.72","14","59","4","Yellow","Cresselia","クレセリア","Cresselia","Psychic","","488"
"489","Phione","30","slow","15.75","6.83","11","59","4","Blue","Phione","フィオネ","Phione","Water","","489"
"490","Manaphy","3","slow","11.81","3.09","11","59","4","Blue","Manaphy","マナフィ","Manaphy","Water","","490"
"491","Darkrai","3","slow","59.06","111.33","17","59","4","Black","Darkrai","ダークライ","Darkrai","Dark","","491"
"492","Shaymin-land","45","medium-slow","7.87","4.63","12","59","4","Green","Shaymin","シェイミ","Shaymin","Grass","","492"
"493","Arceus","3","slow","125.98","705.48","1","59","4","White","Arceus","アルセウス","Arceus","Normal","","493"
"494","Victini","3","slow","15.75","8.82","14;10","60","5","Yellow","Victini","ビクティニ","Victini","Psychic","Fire","494"
"495","Snivy","45","medium-slow","23.62","17.86","12","60","5","Green","Snivy","ツタージャ","Vipélierre","Grass","","495"
"496","Servine","45","medium-slow","31.5","35.27","12","60","5","Green","Servine","ジャノビー","Lianaja","Grass","","496"
"497","Serperior","45","medium-slow","129.92","138.89","12","60","5","Green","Serperior","ジャローダ","Majaspic","Grass","","497"
"498","Tepig","45","medium-slow","19.69","21.83","10","60","5","Red","Tepig","ポカブ","Gruikui","Fire","","498"
"499","Pignite","45","medium-slow","39.37","122.36","10;2","60","5","Red","Pignite","チャオブー","Grotichon","Fire","Fighting","499"
"500","Emboar","45","medium-slow","62.99","330.69","10;2","60","5","Red","Emboar","エンブオー","Roitiflam","Fire","Fighting","500"
"501","Oshawott","45","medium-slow","19.69","13.01","11","60","5","Blue","Oshawott","ミジュマル","Moustillon","Water","","501"
"502","Dewott","45","medium-slow","31.5","54.01","11","60","5","Blue","Dewott","フタチマル","Mateloutre","Water","","502"
"503","Samurott","45","medium-slow","59.06","208.56","11","60","5","Blue","Samurott","ダイケンキ","Clamiral","Water","","503"
"504","Patrat","255","medium","19.69","25.57","1","60","5","Brown","Patrat","ミネズミ","Ratentif","Normal","","504"
"505","Watchog","255","medium","43.31","59.52","1","60","5","Brown","Watchog","ミルホッグ","Miradar","Normal","","505"
"506","Lillipup","255","medium-slow","15.75","9.04","1","60","5","Brown","Lillipup","ヨーテリー","Ponchiot","Normal","","506"
"507","Herdier","120","medium-slow","35.43","32.41","1","60","5","Gray","Herdier","ハーデリア","Ponchien","Normal","","507"
"508","Stoutland","45","medium-slow","47.24","134.48","1","60","5","Gray","Stoutland","ムーランド","Mastouffe","Normal","","508"
"509","Purrloin","255","medium","15.75","22.27","17","60","5","Purple","Purrloin","チョロネコ","Chacripan","Dark","","509"
"510","Liepard","90","medium","43.31","82.67","17","60","5","Purple","Liepard","レパルダス","Léopardus","Dark","","510"
"511","Pansage","190","medium","23.62","23.15","12","60","5","Green","Pansage","ヤナップ","Feuillajou","Grass","","511"
"512","Simisage","75","medium","43.31","67.24","12","60","5","Green","Simisage","ヤナッキー","Feuiloutan","Grass","","512"
"513","Pansear","190","medium","23.62","24.25","10","60","5","Red","Pansear","バオップ","Flamajou","Fire","","513"
"514","Simisear","75","medium","39.37","61.73","10","60","5","Red","Simisear","バオッキー","Flamoutan","Fire","","514"
"515","Panpour","190","medium","23.62","29.76","11","60","5","Blue","Panpour","ヒヤップ","Flotajou","Water","","515"
"516","Simipour","75","medium","39.37","63.93","11","60","5","Blue","Simipour","ヒヤッキー","Flotoutan","Water","","516"
"517","Munna","190","fast","23.62","51.37","14","60","5","Pink","Munna","ムンナ","Munna","Psychic","","517"
"518","Musharna","75","fast","43.31","133.38","14","60","5","Pink","Musharna","ムシャーナ","Mushana","Psychic","","518"
"519","Pidove","255","medium-slow","11.81","4.63","1;3","60","5","Gray","Pidove","マメパト","Poichigeon","Normal","Flying","519"
"520","Tranquill","120","medium-slow","23.62","33.07","1;3","60","5","Gray","Tranquill","ハトーボー","Colombeau","Normal","Flying","520"
"521","Unfezant","45","medium-slow","47.24","63.93","1;3","60","5","Gray","Unfezant","ケンホロウ","Déflaisan","Normal","Flying","521"
"522","Blitzle","190","medium","31.5","65.7","13","60","5","Black","Blitzle","シママ","Zébibron","Electric","","522"
"523","Zebstrika","75","medium","62.99","175.27","13","60","5","Black","Zebstrika","ゼブライカ","Zéblitz","Electric","","523"
"524","Roggenrola","255","medium-slow","15.75","39.68","6","60","5","Blue","Roggenrola","ダンゴロ","Nodulithe","Rock","","524"
"525","Boldore","120","medium-slow","35.43","224.87","6","60","5","Blue","Boldore","ガントル","Géolithe","Rock","","525"
"526","Gigalith","45","medium-slow","66.93","573.2","6","60","5","Blue","Gigalith","ギガイアス","Gigalithe","Rock","","526"
"527","Woobat","190","medium","15.75","4.63","14;3","60","5","Blue","Woobat","コロモリ","Chovsourir","Psychic","Flying","527"
"528","Swoobat","45","medium","35.43","23.15","14;3","60","5","Blue","Swoobat","ココロモリ","Rhinolove","Psychic","Flying","528"
"529","Drilbur","120","medium","11.81","18.74","5","60","5","Gray","Drilbur","モグリュー","Rototaupe","Ground","","529"
"530","Excadrill","60","medium","27.56","89.07","5;9","60","5","Gray","Excadrill","ドリュウズ","Minotaupe","Ground","Steel","530"
"531","Audino","255","fast","43.31","68.34","1","60","5","Pink","Audino","タブンネ","Nanméouïe","Normal","","531"
"532","Timburr","180","medium-slow","23.62","27.56","2","60","5","Gray","Timburr","ドッコラー","Charpenti","Fighting","","532"
"533","Gurdurr","90","medium-slow","47.24","88.18","2","60","5","Gray","Gurdurr","ドテッコツ","Ouvrifier","Fighting","","533"
"534","Conkeldurr","45","medium-slow","55.12","191.8","2","60","5","Brown","Conkeldurr","ローブシン","Bétochef","Fighting","","534"
"535","Tympole","255","medium-slow","19.69","9.92","11","60","5","Blue","Tympole","オタマロ","Tritonde","Water","","535"
"536","Palpitoad","120","medium-slow","31.5","37.48","11;5","60","5","Blue","Palpitoad","ガマガル","Batracné","Water","Ground","536"
"537","Seismitoad","45","medium-slow","59.06","136.69","11;5","60","5","Blue","Seismitoad","ガマゲロゲ","Crapustule","Water","Ground","537"
"538","Throh","45","medium","51.18","122.36","2","60","5","Red","Throh","ナゲキ","Judokrak","Fighting","","538"
"539","Sawk","45","medium","55.12","112.44","2","60","5","Blue","Sawk","ダゲキ","Karaclée","Fighting","","539"
"540","Sewaddle","255","medium-slow","11.81","5.51","7;12","60","5","Yellow","Sewaddle","クルミル","Larveyette","Bug","Grass","540"
"541","Swadloon","120","medium-slow","19.69","16.09","7;12","60","5","Green","Swadloon","クルマユ","Couverdure","Bug","Grass","541"
"542","Leavanny","45","medium-slow","47.24","45.19","7;12","60","5","Yellow","Leavanny","ハハコモリ","Manternel","Bug","Grass","542"
"543","Venipede","255","medium-slow","15.75","11.68","7;4","60","5","Red","Venipede","フシデ","Venipatte","Bug","Poison","543"
"544","Whirlipede","120","medium-slow","47.24","128.97","7;4","60","5","Gray","Whirlipede","ホイーガ","Scobolide","Bug","Poison","544"
"545","Scolipede","45","medium-slow","98.43","442.03","7;4","60","5","Red","Scolipede","ペンドラー","Brutapode","Bug","Poison","545"
"546","Cottonee","190","medium","11.81","1.32","12;18","60","5","Green","Cottonee","モンメン","Doudouvet","Grass","Fairy","546"
"547","Whimsicott","75","medium","27.56","14.55","12;18","60","5","Green","Whimsicott","エルフーン","Farfaduvet","Grass","Fairy","547"
"548","Petilil","190","medium","19.69","14.55","12","60","5","Green","Petilil","チュリネ","Chlorobule","Grass","","548"
"549","Lilligant","75","medium","43.31","35.94","12","60","5","Green","Lilligant","ドレディア","Fragilady","Grass","","549"
"550","Basculin-red-striped","25","medium","39.37","39.68","11","60","5","Green","Basculin","バスラオ","Bargantua","Water","","550"
"551","Sandile","180","medium-slow","27.56","33.51","5;17","60","5","Brown","Sandile","メグロコ","Mascaïman","Ground","Dark","551"
"552","Krokorok","90","medium-slow","39.37","73.63","5;17","60","5","Brown","Krokorok","ワルビル","Escroco","Ground","Dark","552"
"553","Krookodile","45","medium-slow","59.06","212.3","5;17","60","5","Red","Krookodile","ワルビアル","Crocorible","Ground","Dark","553"
"554","Darumaka","120","medium-slow","23.62","82.67","10","60","5","Red","Darumaka","ダルマッカ","Darumarond","Fire","","554"
"555","Darmanitan-standard","60","medium-slow","51.18","204.81","10","60","5","Red","Darmanitan","ヒヒダルマ","Darumacho","Fire","","555"
"556","Maractus","255","medium","39.37","61.73","12","60","5","Green","Maractus","マラカッチ","Maracachi","Grass","","556"
"557","Dwebble","190","medium","11.81","31.97","7;6","60","5","Red","Dwebble","イシズマイ","Crabicoque","Bug","Rock","557"
"558","Crustle","75","medium","55.12","440.92","7;6","60","5","Red","Crustle","イワパレス","Crabaraque","Bug","Rock","558"
"559","Scraggy","180","medium","23.62","26.01","17;2","60","5","Yellow","Scraggy","ズルッグ","Baggiguane","Dark","Fighting","559"
"560","Scrafty","90","medium","43.31","66.14","17;2","60","5","Red","Scrafty","ズルズキン","Baggaïd","Dark","Fighting","560"
"561","Sigilyph","45","medium","55.12","30.86","14;3","60","5","Black","Sigilyph","シンボラー","Cryptéro","Psychic","Flying","561"
"562","Yamask","190","medium","19.69","3.31","8","60","5","Black","Yamask","デスマス","Tutafeh","Ghost","","562"
"563","Cofagrigus","90","medium","66.93","168.65","8","60","5","Yellow","Cofagrigus","デスカーン","Tutankafer","Ghost","","563"
"564","Tirtouga","45","medium","27.56","36.38","11;6","60","5","Blue","Tirtouga","プロトーガ","Carapagos","Water","Rock","564"
"565","Carracosta","45","medium","47.24","178.57","11;6","60","5","Blue","Carracosta","アバゴーラ","Mégapagos","Water","Rock","565"
"566","Archen","45","medium","19.69","20.94","6;3","60","5","Yellow","Archen","アーケン","Arkéapti","Rock","Flying","566"
"567","Archeops","45","medium","55.12","70.55","6;3","60","5","Yellow","Archeops","アーケオス","Aéroptéryx","Rock","Flying","567"
"568","Trubbish","190","medium","23.62","68.34","4","60","5","Green","Trubbish","ヤブクロン","Miamiasme","Poison","","568"
"569","Garbodor","60","medium","74.8","236.56","4","60","5","Green","Garbodor","ダストダス","Miasmax","Poison","","569"
"570","Zorua","75","medium-slow","27.56","27.56","17","60","5","Gray","Zorua","ゾロア","Zorua","Dark","","570"
"571","Zoroark","45","medium-slow","62.99","178.79","17","60","5","Gray","Zoroark","ゾロアーク","Zoroark","Dark","","571"
"572","Minccino","255","fast","15.75","12.79","1","60","5","Gray","Minccino","チラーミィ","Chinchidou","Normal","","572"
"573","Cinccino","60","fast","19.69","16.53","1","60","5","Gray","Cinccino","チラチーノ","Pashmilla","Normal","","573"
"574","Gothita","200","medium-slow","15.75","12.79","14","60","5","Purple","Gothita","ゴチム","Scrutella","Psychic","","574"
"575","Gothorita","100","medium-slow","27.56","39.68","14","60","5","Purple","Gothorita","ゴチミル","Mesmérella","Psychic","","575"
"576","Gothitelle","50","medium-slow","59.06","97","14","60","5","Purple","Gothitelle","ゴチルゼル","Sidérella","Psychic","","576"
"577","Solosis","200","medium-slow","11.81","2.2","14","60","5","Green","Solosis","ユニラン","Nucléos","Psychic","","577"
"578","Duosion","100","medium-slow","23.62","17.64","14","60","5","Green","Duosion","ダブラン","Méios","Psychic","","578"
"579","Reuniclus","50","medium-slow","39.37","44.31","14","60","5","Green","Reuniclus","ランクルス","Symbios","Psychic","","579"
"580","Ducklett","190","medium","19.69","12.13","11;3","60","5","Blue","Ducklett","コアルヒー","Couaneton","Water","Flying","580"
"581","Swanna","45","medium","51.18","53.35","11;3","60","5","White","Swanna","スワンナ","Lakmécygne","Water","Flying","581"
"582","Vanillite","255","slow","15.75","12.57","15","60","5","White","Vanillite","バニプッチ","Sorbébé","Ice","","582"
"583","Vanillish","120","slow","43.31","90.39","15","60","5","White","Vanillish","バニリッチ","Sorboul","Ice","","583"
"584","Vanilluxe","45","slow","51.18","126.77","15","60","5","White","Vanilluxe","バイバニラ","Sorbouboul","Ice","","584"
"585","Deerling","190","medium","23.62","42.99","1;12","60","5","Pink","Deerling","シキジカ","Vivaldaim","Normal","Grass","585"
"586","Sawsbuck","75","medium","74.8","203.93","1;12","60","5","Brown","Sawsbuck","メブキジカ","Haydaim","Normal","Grass","586"
"587","Emolga","200","medium","15.75","11.02","13;3","60","5","White","Emolga","エモンガ","Emolga","Electric","Flying","587"
"588","Karrablast","200","medium","19.69","13.01","7","60","5","Blue","Karrablast","カブルモ","Carabing","Bug","","588"
"589","Escavalier","75","medium","39.37","72.75","7;9","60","5","Gray","Escavalier","シュバルゴ","Lançargot","Bug","Steel","589"
"590","Foongus","190","medium","7.87","2.2","12;4","60","5","White","Foongus","タマゲタケ","Trompignon","Grass","Poison","590"
"591","Amoonguss","75","medium","23.62","23.15","12;4","60","5","White","Amoonguss","モロバレル","Gaulet","Grass","Poison","591"
"592","Frillish-male","190","medium","47.24","72.75","11;8","60","5","White","Frillish","プルリル","Viskuse","Water","Ghost","592"
"593","Jellicent-male","60","medium","86.61","297.62","11;8","60","5","White","Jellicent","ブルンゲル","Moyade","Water","Ghost","593"
"594","Alomomola","75","fast","47.24","69.67","11","60","5","Pink","Alomomola","ママンボウ","Mamanbo","Water","","594"
"595","Joltik","190","medium","3.94","1.32","7;13","60","5","Yellow","Joltik","バチュル","Statitik","Bug","Electric","595"
"596","Galvantula","75","medium","31.5","31.53","7;13","60","5","Yellow","Galvantula","デンチュラ","Mygavolt","Bug","Electric","596"
"597","Ferroseed","255","medium","23.62","41.45","12;9","60","5","Gray","Ferroseed","テッシード","Grindur","Grass","Steel","597"
"598","Ferrothorn","90","medium","39.37","242.51","12;9","60","5","Gray","Ferrothorn","ナットレイ","Noacier","Grass","Steel","598"
"599","Klink","130","medium-slow","11.81","46.3","9","60","5","Gray","Klink","ギアル","Tic","Steel","","599"
"600","Klang","60","medium-slow","23.62","112.44","9","60","5","Gray","Klang","ギギアル","Clic","Steel","","600"
"601","Klinklang","30","medium-slow","23.62","178.57","9","60","5","Gray","Klinklang","ギギギアル","Cliticlic","Steel","","601"
"602","Tynamo","190","slow","7.87","0.66","13","60","5","White","Tynamo","シビシラス","Anchwatt","Electric","","602"
"603","Eelektrik","60","slow","47.24","48.5","13","60","5","Blue","Eelektrik","シビビール","Lampéroie","Electric","","603"
"604","Eelektross","30","slow","82.68","177.47","13","60","5","Blue","Eelektross","シビルドン","Ohmassacre","Electric","","604"
"605","Elgyem","255","medium","19.69","19.84","14","60","5","Blue","Elgyem","リグレー","Lewsor","Psychic","","605"
"606","Beheeyem","90","medium","39.37","76.06","14","60","5","Brown","Beheeyem","オーベム","Neitram","Psychic","","606"
"607","Litwick","190","medium-slow","11.81","6.83","8;10","60","5","White","Litwick","ヒトモシ","Funécire","Ghost","Fire","607"
"608","Lampent","90","medium-slow","23.62","28.66","8;10","60","5","Black","Lampent","ランプラー","Mélancolux","Ghost","Fire","608"
"609","Chandelure","45","medium-slow","39.37","75.62","8;10","60","5","Black","Chandelure","シャンデラ","Lugulabre","Ghost","Fire","609"
"610","Axew","75","slow","23.62","39.68","16","60","5","Green","Axew","キバゴ","Coupenotte","Dragon","","610"
"611","Fraxure","60","slow","39.37","79.37","16","60","5","Green","Fraxure","オノンド","Incisache","Dragon","","611"
"612","Haxorus","45","slow","70.87","232.59","16","60","5","Yellow","Haxorus","オノノクス","Tranchodon","Dragon","","612"
"613","Cubchoo","120","medium","19.69","18.74","15","60","5","White","Cubchoo","クマシュン","Polarhume","Ice","","613"
"614","Beartic","60","medium","102.36","573.2","15","60","5","White","Beartic","ツンベアー","Polagriffe","Ice","","614"
"615","Cryogonal","25","medium","43.31","326.28","15","60","5","Blue","Cryogonal","フリージオ","Hexagel","Ice","","615"
"616","Shelmet","200","medium","15.75","16.98","7","60","5","Red","Shelmet","チョボマキ","Escargaume","Bug","","616"
"617","Accelgor","75","medium","31.5","55.78","7","60","5","Red","Accelgor","アギルダー","Limaspeed","Bug","","617"
"618","Stunfisk","75","medium","27.56","24.25","5;13","60","5","Brown","Stunfisk","マッギョ","Limonde","Ground","Electric","618"
"619","Mienfoo","180","medium-slow","35.43","44.09","2","60","5","Yellow","Mienfoo","コジョフー","Kungfouine","Fighting","","619"
"620","Mienshao","45","medium-slow","55.12","78.26","2","60","5","Purple","Mienshao","コジョンド","Shaofouine","Fighting","","620"
"621","Druddigon","45","medium","62.99","306.44","16","60","5","Red","Druddigon","クリムガン","Drakkarmin","Dragon","","621"
"622","Golett","190","medium","39.37","202.82","5;8","60","5","Green","Golett","ゴビット","Gringolem","Ground","Ghost","622"
"623","Golurk","90","medium","110.24","727.52","5;8","60","5","Green","Golurk","ゴルーグ","Golemastoc","Ground","Ghost","623"
"624","Pawniard","120","medium","19.69","22.49","17;9","60","5","Red","Pawniard","コマタナ","Scalpion","Dark","Steel","624"
"625","Bisharp","45","medium","62.99","154.32","17;9","60","5","Red","Bisharp","キリキザン","Scalproie","Dark","Steel","625"
"626","Bouffalant","45","medium","62.99","208.56","1","60","5","Brown","Bouffalant","バッフロン","Frison","Normal","","626"
"627","Rufflet","190","slow","19.69","23.15","1;3","60","5","White","Rufflet","ワシボン","Furaiglon","Normal","Flying","627"
"628","Braviary","60","slow","59.06","90.39","1;3","60","5","Red","Braviary","ウォーグル","Gueriaigle","Normal","Flying","628"
"629","Vullaby","190","slow","19.69","19.84","17;3","60","5","Brown","Vullaby","バルチャイ","Vostourno","Dark","Flying","629"
"630","Mandibuzz","60","slow","47.24","87.08","17;3","60","5","Brown","Mandibuzz","バルジーナ","Vaututrice","Dark","Flying","630"
"631","Heatmor","90","medium","55.12","127.87","10","60","5","Red","Heatmor","クイタラン","Aflamanoir","Fire","","631"
"632","Durant","90","medium","11.81","72.75","7;9","60","5","Gray","Durant","アイアント","Fermite","Bug","Steel","632"
"633","Deino","45","slow","31.5","38.14","17;16","60","5","Blue","Deino","モノズ","Solochi","Dark","Dragon","633"
"634","Zweilous","45","slow","55.12","110.23","17;16","60","5","Blue","Zweilous","ジヘッド","Diamat","Dark","Dragon","634"
"635","Hydreigon","45","slow","70.87","352.74","17;16","60","5","Blue","Hydreigon","サザンドラ","Trioxhydre","Dark","Dragon","635"
"636","Larvesta","45","slow","43.31","63.49","7;10","60","5","White","Larvesta","メラルバ","Pyronille","Bug","Fire","636"
"637","Volcarona","15","slow","62.99","101.41","7;10","60","5","White","Volcarona","ウルガモス","Pyrax","Bug","Fire","637"
"638","Cobalion","3","slow","82.68","551.16","9;2","60","5","Blue","Cobalion","コバルオン","Cobaltium","Steel","Fighting","638"
"639","Terrakion","3","slow","74.8","573.2","6;2","60","5","Gray","Terrakion","テラキオン","Terrakium","Rock","Fighting","639"
"640","Virizion","3","slow","78.74","440.92","12;2","60","5","Green","Virizion","ビリジオン","Viridium","Grass","Fighting","640"
"641","Tornadus-incarnate","3","slow","59.06","138.89","3","60","5","Green","Tornadus","トルネロス","Boréas","Flying","","641"
"642","Thundurus-incarnate","3","slow","59.06","134.48","13;3","60","5","Blue","Thundurus","ボルトロス","Fulguris","Electric","Flying","642"
"643","Reshiram","3","slow","125.98","727.52","16;10","60","5","White","Reshiram","レシラム","Reshiram","Dragon","Fire","643"
"644","Zekrom","3","slow","114.17","760.59","16;13","60","5","Black","Zekrom","ゼクロム","Zekrom","Dragon","Electric","644"
"645","Landorus-incarnate","3","slow","59.06","149.91","5;3","60","5","Brown","Landorus","ランドロス","Démétéros","Ground","Flying","645"
"646","Kyurem","3","slow","118.11","716.5","16;15","60","5","Gray","Kyurem","キュレム","Kyurem","Dragon","Ice","646"
"647","Keldeo-ordinary","3","slow","55.12","106.92","11;2","60","5","Yellow","Keldeo","ケルディオ","Keldeo","Water","Fighting","647"
"648","Meloetta-aria","3","slow","23.62","14.33","1;14","60","5","White","Meloetta","メロエッタ","Meloetta","Normal","Psychic","648"
"649","Genesect","3","slow","59.06","181.88","7;9","60","5","Purple","Genesect","ゲノセクト","Genesect","Bug","Steel","649"
"650","Chespin","45","medium-slow","15.75","19.84","12","61","6","Green","Chespin","ハリマロン","Marisson","Grass","","650"
"651","Quilladin","45","medium-slow","27.56","63.93","12","61","6","Green","Quilladin","ハリボーグ","Boguérisse","Grass","","651"
"652","Chesnaught","45","medium-slow","62.99","198.42","12;2","61","6","Green","Chesnaught","ブリガロン","Blindépique","Grass","Fighting","652"
"653","Fennekin","45","medium-slow","15.75","20.72","10","61","6","Red","Fennekin","フォッコ","Feunnec","Fire","","653"
"654","Braixen","45","medium-slow","39.37","31.97","10","61","6","Red","Braixen","テールナー","Roussil","Fire","","654"
"655","Delphox","45","medium-slow","59.06","85.98","10;14","61","6","Red","Delphox","マフォクシー","Goupelin","Fire","Psychic","655"
"656","Froakie","45","medium-slow","11.81","15.43","11","61","6","Blue","Froakie","ケロマツ","Grenousse","Water","","656"
"657","Frogadier","45","medium-slow","23.62","24.03","11","61","6","Blue","Frogadier","ゲコガシラ","Croâporal","Water","","657"
"658","Greninja","45","medium-slow","59.06","88.18","11;17","61","6","Blue","Greninja","ゲッコウガ","Amphinobi","Water","Dark","658"
"659","Bunnelby","255","medium","15.75","11.02","1","61","6","Brown","Bunnelby","ホルビー","Sapereau","Normal","","659"
"660","Diggersby","127","medium","39.37","93.48","1;5","61","6","Brown","Diggersby","ホルード","Excavarenne","Normal","Ground","660"
"661","Fletchling","255","medium-slow","11.81","3.75","1;3","61","6","Red","Fletchling","ヤヤコマ","Passerouge","Normal","Flying","661"
"662","Fletchinder","120","medium-slow","27.56","35.27","10;3","61","6","Red","Fletchinder","ヒノヤコマ","Braisillon","Fire","Flying","662"
"663","Talonflame","45","medium-slow","47.24","54.01","10;3","61","6","Red","Talonflame","ファイアロー","Flambusard","Fire","Flying","663"
"664","Scatterbug","255","medium","11.81","5.51","7","61","6","Black","Scatterbug","コフキムシ","Lépidonille","Bug","","664"
"665","Spewpa","120","medium","11.81","18.52","7","61","6","Black","Spewpa","コフーライ","Pérégrain","Bug","","665"
"666","Vivillon","45","medium","47.24","37.48","7;3","61","6","White","Vivillon","ビビヨン","Prismillon","Bug","Flying","666"
"667","Litleo","220","medium-slow","23.62","29.76","10;1","61","6","Brown","Litleo","シシコ","Hélionceau","Fire","Normal","667"
"668","Pyroar-male","65","medium-slow","59.06","179.68","10;1","61","6","Brown","Pyroar","カエンジシ","Némélios","Fire","Normal","668"
"669","Flabebe","225","medium","3.94","0.22","18","61","6","White","Flabébé","フラベベ","Flabébé","Fairy","","669"
"670","Floette","120","medium","7.87","1.98","18","61","6","White","Floette","フラエッテ","Floette","Fairy","","670"
"671","Florges","45","medium","43.31","22.05","18","61","6","White","Florges","フラージェス","Florges","Fairy","","671"
"672","Skiddo","200","medium","35.43","68.34","12","61","6","Brown","Skiddo","メェークル","Cabriolaine","Grass","","672"
"673","Gogoat","45","medium","66.93","200.62","12","61","6","Brown","Gogoat","ゴーゴート","Chevroum","Grass","","673"
"674","Pancham","220","medium","23.62","17.64","2","61","6","White","Pancham","ヤンチャム","Pandespiègle","Fighting","","674"
"675","Pangoro","65","medium","82.68","299.83","2;17","61","6","White","Pangoro","ゴロンダ","Pandarbare","Fighting","Dark","675"
"676","Furfrou","160","medium","47.24","61.73","1","61","6","White","Furfrou","トリミアン","Couafarel","Normal","","676"
"677","Espurr","190","medium","11.81","7.72","14","61","6","Gray","Espurr","ニャスパー","Psystigri","Psychic","","677"
"678","Meowstic-male","75","medium","23.62","18.74","14","61","6","Blue","Meowstic","ニャオニクス","Mistigrix","Psychic","","678"
"679","Honedge","180","medium","31.5","4.41","9;8","61","6","Brown","Honedge","ヒトツキ","Monorpale","Steel","Ghost","679"
"680","Doublade","90","medium","31.5","9.92","9;8","61","6","Brown","Doublade","ニダンギル","Dimoclès","Steel","Ghost","680"
"681","Aegislash-shield","45","medium","66.93","116.84","9;8","61","6","Brown","Aegislash","ギルガルド","Exagide","Steel","Ghost","681"
"682","Spritzee","200","medium","7.87","1.1","18","61","6","Pink","Spritzee","シュシュプ","Fluvetin","Fairy","","682"
"683","Aromatisse","140","medium","31.5","34.17","18","61","6","Pink","Aromatisse","フレフワン","Cocotine","Fairy","","683"
"684","Swirlix","200","medium","15.75","7.72","18","61","6","White","Swirlix","ペロッパフ","Sucroquin","Fairy","","684"
"685","Slurpuff","140","medium","31.5","11.02","18","61","6","White","Slurpuff","ペロリーム","Cupcanaille","Fairy","","685"
"686","Inkay","190","medium","15.75","7.72","17;14","61","6","Blue","Inkay","マーイーカ","Sepiatop","Dark","Psychic","686"
"687","Malamar","80","medium","59.06","103.62","17;14","61","6","Blue","Malamar","カラマネロ","Sepiatroce","Dark","Psychic","687"
"688","Binacle","120","medium","19.69","68.34","6;11","61","6","Brown","Binacle","カメテテ","Opermine","Rock","Water","688"
"689","Barbaracle","45","medium","51.18","211.64","6;11","61","6","Brown","Barbaracle","ガメノデス","Golgopathe","Rock","Water","689"
"690","Skrelp","225","medium","19.69","16.09","4;11","61","6","Brown","Skrelp","クズモー","Venalgue","Poison","Water","690"
"691","Dragalge","55","medium","70.87","179.68","4;16","61","6","Brown","Dragalge","ドラミドロ","Kravarech","Poison","Dragon","691"
"692","Clauncher","225","slow","19.69","18.3","11","61","6","Blue","Clauncher","ウデッポウ","Flingouste","Water","","692"
"693","Clawitzer","55","slow","51.18","77.82","11","61","6","Blue","Clawitzer","ブロスター","Gamblast","Water","","693"
"694","Helioptile","190","medium","19.69","13.23","13;1","61","6","Yellow","Helioptile","エリキテル","Galvaran","Electric","Normal","694"
"695","Heliolisk","75","medium","39.37","46.3","13;1","61","6","Yellow","Heliolisk","エレザード","Iguolta","Electric","Normal","695"
"696","Tyrunt","45","medium","31.5","57.32","6;16","61","6","Brown","Tyrunt","チゴラス","Ptyranidur","Rock","Dragon","696"
"697","Tyrantrum","45","medium","98.43","595.25","6;16","61","6","Red","Tyrantrum","ガチゴラス","Rexillius","Rock","Dragon","697"
"698","Amaura","45","medium","51.18","55.56","6;15","61","6","Blue","Amaura","アマルス","Amagara","Rock","Ice","698"
"699","Aurorus","45","medium","106.3","496.04","6;15","61","6","Blue","Aurorus","アマルルガ","Dragmara","Rock","Ice","699"
"700","Sylveon","45","medium","39.37","51.81","18","61","6","Pink","Sylveon","ニンフィア","Nymphali","Fairy","","700"
"701","Hawlucha","100","medium","31.5","47.4","2;3","61","6","Green","Hawlucha","ルチャブル","Brutalibré","Fighting","Flying","701"
"702","Dedenne","180","medium","7.87","4.85","13;18","61","6","Yellow","Dedenne","デデンネ","Dedenne","Electric","Fairy","702"
"703","Carbink","60","slow","11.81","12.57","6;18","61","6","Gray","Carbink","メレシー","Strassie","Rock","Fairy","703"
"704","Goomy","45","slow","11.81","6.17","16","61","6","Purple","Goomy","ヌメラ","Mucuscule","Dragon","","704"
"705","Sliggoo","45","slow","31.5","38.58","16","61","6","Purple","Sliggoo","ヌメイル","Colimucus","Dragon","","705"
"706","Goodra","45","slow","78.74","331.8","16","61","6","Purple","Goodra","ヌメルゴン","Muplodocus","Dragon","","706"
"707","Klefki","75","fast","7.87","6.61","9;18","61","6","Gray","Klefki","クレッフィ","Trousselin","Steel","Fairy","707"
"708","Phantump","120","medium","15.75","15.43","8;12","61","6","Brown","Phantump","ボクレー","Brocélôme","Ghost","Grass","708"
"709","Trevenant","60","medium","59.06","156.53","8;12","61","6","Brown","Trevenant","オーロット","Desséliande","Ghost","Grass","709"
"710","Pumpkaboo-average","120","medium","15.75","11.02","8;12","61","6","Brown","Pumpkaboo","バケッチャ","Pitrouille","Ghost","Grass","710"
"711","Gourgeist-average","60","medium","35.43","27.56","8;12","61","6","Brown","Gourgeist","パンプジン","Banshitrouye","Ghost","Grass","711"
"712","Bergmite","190","medium","39.37","219.36","15","61","6","Blue","Bergmite","カチコール","Grelaçon","Ice","","712"
"713","Avalugg","55","medium","78.74","1113.33","15","61","6","Blue","Avalugg","クレベース","Séracrawl","Ice","","713"
"714","Noibat","190","medium","19.69","17.64","3;16","61","6","Purple","Noibat","オンバット","Sonistrelle","Flying","Dragon","714"
"715","Noivern","45","medium","59.06","187.39","3;16","61","6","Purple","Noivern","オンバーン","Bruyverne","Flying","Dragon","715"
"716","Xerneas","45","slow","118.11","473.99","18","61","6","Blue","Xerneas","ゼルネアス","Xerneas","Fairy","","716"
"717","Yveltal","45","slow","228.35","447.54","17;3","61","6","Red","Yveltal","イベルタル","Yveltal","Dark","Flying","717"
"718","Zygarde-50","3","slow","196.85","672.41","16;5","61","6","Green","Zygarde","ジガルデ","Zygarde","Dragon","Ground","718"
"719","Diancie","3","slow","27.56","19.4","6;18","61","6","Pink","Diancie","ディアンシー","Diancie","Rock","Fairy","719"
"720","Hoopa","3","slow","19.69","19.84","14;8","61","6","Purple","Hoopa","フーパ","Hoopa","Psychic","Ghost","720"
"721","Volcanion","3","slow","66.93","429.9","10;11","61","6","Brown","Volcanion","ボルケニオン","Volcanion","Fire","Water","721"
"722","Rowlet","45","medium-slow","11.81","3.31","12;3","62","7","Brown","Rowlet","モクロー","Brindibou","Grass","Flying","722"
"723","Dartrix","45","medium-slow","27.56","35.27","12;3","62","7","Brown","Dartrix","フクスロー","Efflèche","Grass","Flying","723"
"724","Decidueye","45","medium-slow","62.99","80.69","12;8","62","7","Brown","Decidueye","ジュナイパー","Archéduc","Grass","Ghost","724"
"725","Litten","45","medium-slow","15.75","9.48","10","62","7","Red","Litten","ニャビー","Flamiaou","Fire","","725"
"726","Torracat","45","medium-slow","27.56","55.12","10","62","7","Red","Torracat","ニャヒート","Matoufeu","Fire","","726"
"727","Incineroar","45","medium-slow","70.87","182.98","10;17","62","7","Red","Incineroar","ガオガエン","Félinferno","Fire","Dark","727"
"728","Popplio","45","medium-slow","15.75","16.53","11","62","7","Blue","Popplio","アシマリ","Otaquin","Water","","728"
"729","Brionne","45","medium-slow","23.62","38.58","11","62","7","Blue","Brionne","オシャマリ","Otarlette","Water","","729"
"730","Primarina","45","medium-slow","70.87","97","11;18","62","7","Blue","Primarina","アシレーヌ","Oratoria","Water","Fairy","730"
"731","Pikipek","255","medium","11.81","2.65","1;3","62","7","Black","Pikipek","ツツケラ","Picassaut","Normal","Flying","731"
"732","Trumbeak","120","medium","23.62","32.63","1;3","62","7","Black","Trumbeak","ケララッパ","Piclairon","Normal","Flying","732"
"733","Toucannon","45","medium","43.31","57.32","1;3","62","7","Black","Toucannon","ドデカバシ","Bazoucan","Normal","Flying","733"
"734","Yungoos","255","medium","15.75","13.23","1","62","7","Brown","Yungoos","ヤングース","Manglouton","Normal","","734"
"735","Gumshoos","127","medium","27.56","31.31","1","62","7","Brown","Gumshoos","デカグース","Argouste","Normal","","735"
"736","Grubbin","255","medium","15.75","9.7","7","62","7","Gray","Grubbin","アゴジムシ","Larvibule","Bug","","736"
"737","Charjabug","120","medium","19.69","23.15","7;13","62","7","Green","Charjabug","デンヂムシ","Chrysapile","Bug","Electric","737"
"738","Vikavolt","45","medium","59.06","99.21","7;13","62","7","Blue","Vikavolt","クワガノン","Lucanon","Bug","Electric","738"
"739","Crabrawler","225","medium","23.62","15.43","2","62","7","Purple","Crabrawler","マケンカニ","Crabagarre","Fighting","","739"
"740","Crabominable","60","medium","66.93","396.83","2;15","62","7","White","Crabominable","ケケンカニ","Crabominable","Fighting","Ice","740"
"741","Oricorio-baile","45","medium","23.62","7.5","10;3","62","7","Red","Oricorio","オドリドリ","Plumeline","Fire","Flying","741"
"742","Cutiefly","190","medium","3.94","0.44","7;18","62","7","Yellow","Cutiefly","アブリー","Bombydou","Bug","Fairy","742"
"743","Ribombee","75","medium","7.87","1.1","7;18","62","7","Yellow","Ribombee","アブリボン","Rubombelle","Bug","Fairy","743"
"744","Rockruff","190","medium","19.69","20.28","6","62","7","Brown","Rockruff","イワンコ","Rocabot","Rock","","744"
"745","Lycanroc-midday","90","medium","31.5","55.12","6","62","7","Brown","Lycanroc","ルガルガン","Lougaroc","Rock","","745"
"746","Wishiwashi-solo","60","fast","7.87","0.66","11","62","7","Blue","Wishiwashi","ヨワシ","Froussardine","Water","","746"
"747","Mareanie","190","medium","15.75","17.64","4;11","62","7","Blue","Mareanie","ヒドイデ","Vorastérie","Poison","Water","747"
"748","Toxapex","75","medium","27.56","31.97","4;11","62","7","Blue","Toxapex","ドヒドイデ","Prédastérie","Poison","Water","748"
"749","Mudbray","190","medium","39.37","242.51","5","62","7","Brown","Mudbray","ドロバンコ","Tiboudet","Ground","","749"
"750","Mudsdale","60","medium","98.43","2028.25","5","62","7","Brown","Mudsdale","バンバドロ","Bourrinos","Ground","","750"
"751","Dewpider","200","medium","11.81","8.82","11;7","62","7","Green","Dewpider","シズクモ","Araqua","Water","Bug","751"
"752","Araquanid","100","medium","70.87","180.78","11;7","62","7","Green","Araquanid","オニシズクモ","Tarenbulle","Water","Bug","752"
"753","Fomantis","190","medium","11.81","3.31","12","62","7","Pink","Fomantis","カリキリ","Mimantis","Grass","","753"
"754","Lurantis","75","medium","35.43","40.79","12","62","7","Pink","Lurantis","ラランテス","Floramantis","Grass","","754"
"755","Morelull","190","medium","7.87","3.31","12;18","62","7","Purple","Morelull","ネマシュ","Spododo","Grass","Fairy","755"
"756","Shiinotic","75","medium","39.37","25.35","12;18","62","7","Purple","Shiinotic","マシェード","Lampignon","Grass","Fairy","756"
"757","Salandit","120","medium","23.62","10.58","4;10","62","7","Black","Salandit","ヤトウモリ","Tritox","Poison","Fire","757"
"758","Salazzle","45","medium","47.24","48.94","4;10","62","7","Black","Salazzle","エンニュート","Malamandre","Poison","Fire","758"
"759","Stufful","140","medium","19.69","14.99","1;2","62","7","Pink","Stufful","ヌイコグマ","Nounourson","Normal","Fighting","759"
"760","Bewear","70","medium","82.68","297.62","1;2","62","7","Pink","Bewear","キテルグマ","Chelours","Normal","Fighting","760"
"761","Bounsweet","235","medium-slow","11.81","7.05","12","62","7","Purple","Bounsweet","アマカジ","Croquine","Grass","","761"
"762","Steenee","120","medium-slow","27.56","18.08","12","62","7","Purple","Steenee","アママイコ","Candine","Grass","","762"
"763","Tsareena","45","medium-slow","47.24","47.18","12","62","7","Purple","Tsareena","アマージョ","Sucreine","Grass","","763"
"764","Comfey","60","fast","3.94","0.66","18","62","7","Green","Comfey","キュワワー","Guérilande","Fairy","","764"
"765","Oranguru","45","slow","59.06","167.55","1;14","62","7","White","Oranguru","ヤレユータン","Gouroutan","Normal","Psychic","765"
"766","Passimian","45","slow","78.74","182.54","2","62","7","White","Passimian","ナゲツケサル","Quartermac","Fighting","","766"
"767","Wimpod","90","medium","19.69","26.46","7;11","62","7","Gray","Wimpod","コソクムシ","Sovkipou","Bug","Water","767"
"768","Golisopod","45","medium","78.74","238.1","7;11","62","7","Gray","Golisopod","グソクムシャ","Sarmuraï","Bug","Water","768"
"769","Sandygast","140","medium","19.69","154.32","8;5","62","7","Brown","Sandygast","スナバァ","Bacabouh","Ghost","Ground","769"
"770","Palossand","60","medium","51.18","551.16","8;5","62","7","Brown","Palossand","シロデスナ","Trépassable","Ghost","Ground","770"
"771","Pyukumuku","60","fast","11.81","2.65","11","62","7","Black","Pyukumuku","ナマコブシ","Concombaffe","Water","","771"
"772","Type-null","3","slow","74.8","265.66","1","62","7","Gray","Type: Null","タイプ：ヌル","Type:0","Normal","","772"
"773","Silvally","3","slow","90.55","221.56","1","62","7","Gray","Silvally","シルヴァディ","Silvallié","Normal","","773"
"774","Minior-red-meteor","30","medium-slow","11.81","88.18","6;3","62","7","Brown","Minior","メテノ","Météno","Rock","Flying","774"
"775","Komala","45","slow","15.75","43.87","1","62","7","Blue","Komala","ネッコアラ","Dodoala","Normal","","775"
"776","Turtonator","70","medium","78.74","467.38","10;16","62","7","Red","Turtonator","バクガメス","Boumata","Fire","Dragon","776"
"777","Togedemaru","180","medium","11.81","7.28","13;9","62","7","Gray","Togedemaru","トゲデマル","Togedemaru","Electric","Steel","777"
"778","Mimikyu-disguised","45","medium","7.87","1.54","8;18","62","7","Yellow","Mimikyu","ミミッキュ","Mimiqui","Ghost","Fairy","778"
"779","Bruxish","80","medium","35.43","41.89","11;14","62","7","Pink","Bruxish","ハギギシリ","Denticrisse","Water","Psychic","779"
"780","Drampa","70","medium","118.11","407.85","1;16","62","7","White","Drampa","ジジーロン","Draïeul","Normal","Dragon","780"
"781","Dhelmise","25","medium","153.54","462.97","8;12","62","7","Green","Dhelmise","ダダリン","Sinistrail","Ghost","Grass","781"
"782","Jangmo-o","45","slow","23.62","65.48","16","62","7","Gray","Jangmo-o","ジャラコ","Bébécaille","Dragon","","782"
"783","Hakamo-o","45","slow","47.24","103.62","16;2","62","7","Gray","Hakamo-o","ジャランゴ","Écaïd","Dragon","Fighting","783"
"784","Kommo-o","45","slow","62.99","172.4","16;2","62","7","Gray","Kommo-o","ジャラランガ","Ékaïser","Dragon","Fighting","784"
"785","Tapu-koko","3","slow","70.87","45.19","13;18","62","7","Yellow","Tapu Koko","カプ・コケコ","Tokorico","Electric","Fairy","785"
"786","Tapu-lele","3","slow","47.24","41.01","14;18","62","7","Pink","Tapu Lele","カプ・テテフ","Tokopiyon","Psychic","Fairy","786"
"787","Tapu-bulu","3","slow","74.8","100.31","12;18","62","7","Red","Tapu Bulu","カプ・ブルル","Tokotoro","Grass","Fairy","787"
"788","Tapu-fini","3","slow","51.18","46.74","11;18","62","7","Purple","Tapu Fini","カプ・レヒレ","Tokopisco","Water","Fairy","788"
"789","Cosmog","45","slow","7.87","0.22","14","62","7","Blue","Cosmog","コスモッグ","Cosmog","Psychic","","789"
"790","Cosmoem","45","slow","3.94","2204.4","14","62","7","Blue","Cosmoem","コスモウム","Cosmovum","Psychic","","790"
"791","Solgaleo","45","slow","133.86","507.06","14;9","62","7","White","Solgaleo","ソルガレオ","Solgaleo","Psychic","Steel","791"
"792","Lunala","45","slow","157.48","264.55","14;8","62","7","Purple","Lunala","ルナアーラ","Lunala","Psychic","Ghost","792"
"793","Nihilego","45","slow","47.24","122.36","6;4","62","7","White","Nihilego","ウツロイド","Zéroïd","Rock","Poison","793"
"794","Buzzwole","45","slow","94.49","735.46","7;2","62","7","Red","Buzzwole","マッシブーン","Mouscoto","Bug","Fighting","794"
"795","Pheromosa","45","slow","70.87","55.12","7;2","62","7","White","Pheromosa","フェローチェ","Cancrelove","Bug","Fighting","795"
"796","Xurkitree","45","slow","149.61","220.46","13","62","7","Black","Xurkitree","デンジュモク","Câblifère","Electric","","796"
"797","Celesteela","45","slow","362.2","2204.4","9;3","62","7","Green","Celesteela","テッカグヤ","Bamboiselle","Steel","Flying","797"
"798","Kartana","45","slow","11.81","0.22","12;9","62","7","White","Kartana","カミツルギ","Katagami","Grass","Steel","798"
"799","Guzzlord","45","slow","216.54","1957.7","17;16","62","7","Black","Guzzlord","アクジキング","Engloutyran","Dark","Dragon","799"
"800","Necrozma","255","slow","94.49","507.06","14","62","7","Black","Necrozma","ネクロズマ","Necrozma","Psychic","","800"
"801","Magearna","3","slow","39.37","177.47","9;18","62","7","Gray","Magearna","マギアナ","Magearna","Steel","Fairy","801"
"802","Marshadow","3","slow","27.56","48.94","2;8","62","7","Gray","Marshadow","マーシャドー","Marshadow","Fighting","Ghost","802"
"803","Poipole","45","slow","23.62","3.97","4","62","7","Purple","Poipole","ベベノム","Vémini","Poison","","803"
"804","Naganadel","45","slow","141.73","330.69","4;16","62","7","Purple","Naganadel","アーゴヨン","Mandrillon","Poison","Dragon","804"
"805","Stakataka","30","slow","216.54","1807.79","6;9","62","7","Gray","Stakataka","ツンデツンデ","Ama-Ama","Rock","Steel","805"
"806","Blacephalon","30","slow","70.87","28.66","10;8","62","7","White","Blacephalon","ズガドーン","Pierroteknik","Fire","Ghost","806"
"807","Zeraora","3","slow","59.06","98.11","13","62","7","Yellow","Zeraora","ゼラオラ","Zeraora","Electric","","807"
"808","Meltan","3","slow","7.87","17.64","9","62","7","Gray","Meltan","メルタン","Meltan","Steel","","808"
"809","Melmetal","3","slow","98.43","1763.7","9","62","7","Gray","Melmetal","メルメタル","Melmetal","Steel","","809"
"810","Grookey","45","medium-slow","11.81","11.02","12","63","8","Green","Grookey","サルノリ","Ouistempo","Grass","","810"
"811","Thwackey","45","medium-slow","27.56","30.86","12","63","8","Green","Thwackey","バチンキー","Badabouin","Grass","","811"
"812","Rillaboom","45","medium-slow","82.68","198.42","12","63","8","Green","Rillaboom","ゴリランダー","Gorythmic","Grass","","812"
"813","Scorbunny","45","medium-slow","11.81","9.92","10","63","8","White","Scorbunny","ヒバニー","Flambino","Fire","","813"
"814","Raboot","45","medium-slow","23.62","19.84","10","63","8","Gray","Raboot","ラビフット","Lapyro","Fire","","814"
"815","Cinderace","45","medium-slow","55.12","72.75","10","63","8","White","Cinderace","エースバーン","Pyrobut","Fire","","815"
"816","Sobble","45","medium-slow","11.81","8.82","11","63","8","Blue","Sobble","メッソン","Larméléon","Water","","816"
"817","Drizzile","45","medium-slow","27.56","25.35","11","63","8","Blue","Drizzile","ジメレオン","Arrozard","Water","","817"
"818","Inteleon","45","medium-slow","74.8","99.65","11","63","8","Blue","Inteleon","インテレオン","Lézargus","Water","","818"
"819","Skwovet","255","medium","11.81","5.51","1","63","8","Brown","Skwovet","ホシガリス","Rongourmand","Normal","","819"
"820","Greedent","90","medium","23.62","13.23","1","63","8","Brown","Greedent","ヨクバリス","Rongrigou","Normal","","820"
"821","Rookidee","255","medium-slow","7.87","3.97","3","63","8","Blue","Rookidee","ココガラ","Minisange","Flying","","821"
"822","Corvisquire","120","medium-slow","31.5","35.27","3","63","8","Blue","Corvisquire","アオガラス","Bleuseille","Flying","","822"
"823","Corviknight","45","medium-slow","86.61","165.35","3;9","63","8","Purple","Corviknight","アーマーガア","Corvaillus","Flying","Steel","823"
"824","Blipbug","255","medium","15.75","17.64","7","63","8","Blue","Blipbug","サッチムシ","Larvadar","Bug","","824"
"825","Dottler","120","medium","15.75","42.99","7;14","63","8","Yellow","Dottler","レドームシ","Coléodôme","Bug","Psychic","825"
"826","Orbeetle","45","medium","15.75","89.95","7;14","63","8","Red","Orbeetle","イオルブ","Astronelle","Bug","Psychic","826"
"827","Nickit","255","fast","23.62","19.62","17","63","8","Brown","Nickit","クスネ","Goupilou","Dark","","827"
"828","Thievul","127","fast","47.24","43.87","17","63","8","Brown","Thievul","フォクスライ","Roublenard","Dark","","828"
"829","Gossifleur","190","medium","15.75","4.85","12","63","8","Green","Gossifleur","ヒメンカ","Tournicoton","Grass","","829"
"830","Eldegoss","75","medium","19.69","5.51","12","63","8","Green","Eldegoss","ワタシラガ","Blancoton","Grass","","830"
"831","Wooloo","255","medium","23.62","13.23","1","63","8","White","Wooloo","ウールー","Moumouton","Normal","","831"
"832","Dubwool","127","medium","51.18","94.8","1","63","8","White","Dubwool","バイウールー","Moumouflon","Normal","","832"
"833","Chewtle","255","medium","11.81","18.74","11","63","8","Green","Chewtle","カムカメ","Khélocrok","Water","","833"
"834","Drednaw","75","medium","39.37","254.63","11;6","63","8","Green","Drednaw","カジリガメ","Torgamord","Water","Rock","834"
"835","Yamper","255","fast","11.81","29.76","13","63","8","Yellow","Yamper","ワンパチ","Voltoutou","Electric","","835"
"836","Boltund","45","fast","39.37","74.96","13","63","8","Yellow","Boltund","パルスワン","Fulgudog","Electric","","836"
"837","Rolycoly","255","medium-slow","11.81","26.46","6","63","8","Black","Rolycoly","タンドン","Charbi","Rock","","837"
"838","Carkol","120","medium-slow","43.31","171.96","6;10","63","8","Black","Carkol","トロッゴン","Wagomine","Rock","Fire","838"
"839","Coalossal","45","medium-slow","110.24","684.53","6;10","63","8","Black","Coalossal","セキタンザン","Monthracite","Rock","Fire","839"
"840","Applin","255","slow-then-very-fast","7.87","1.1","12;16","63","8","Green","Applin","カジッチュ","Verpom","Grass","Dragon","840"
"841","Flapple","45","slow-then-very-fast","11.81","2.2","12;16","63","8","Green","Flapple","アップリュー","Pomdrapi","Grass","Dragon","841"
"842","Appletun","45","slow-then-very-fast","15.75","28.66","12;16","63","8","Green","Appletun","タルップル","Dratatin","Grass","Dragon","842"
"843","Silicobra","255","medium","86.61","16.76","5","63","8","Green","Silicobra","スナヘビ","Dunaja","Ground","","843"
"844","Sandaconda","120","medium","149.61","144.4","5","63","8","Green","Sandaconda","サダイジャ","Dunaconda","Ground","","844"
"845","Cramorant","45","medium","31.5","39.68","3;11","63","8","Blue","Cramorant","ウッウ","Nigosier","Flying","Water","845"
"846","Arrokuda","255","slow","19.69","2.2","11","63","8","Brown","Arrokuda","サシカマス","Embrochet","Water","","846"
"847","Barraskewda","60","slow","51.18","66.14","11","63","8","Brown","Barraskewda","カマスジョー","Hastacuda","Water","","847"
"848","Toxel","75","medium-slow","15.75","24.25","13;4","63","8","Purple","Toxel","エレズン","Toxizap","Electric","Poison","848"
"849","Toxtricity-amped","45","medium-slow","62.99","88.18","13;4","63","8","Purple","Toxtricity","ストリンダー","Salarsen","Electric","Poison","849"
"850","Sizzlipede","190","medium","27.56","2.2","10;7","63","8","Red","Sizzlipede","ヤクデ","Grillepattes","Fire","Bug","850"
"851","Centiskorch","75","medium","118.11","264.55","10;7","63","8","Red","Centiskorch","マルヤクデ","Scolocendre","Fire","Bug","851"
"852","Clobbopus","180","medium-slow","23.62","8.82","2","63","8","Brown","Clobbopus","タタッコ","Poulpaf","Fighting","","852"
"853","Grapploct","45","medium-slow","62.99","85.98","2","63","8","Blue","Grapploct","オトスパス","Krakos","Fighting","","853"
"854","Sinistea","120","medium","3.94","0.44","8","63","8","Purple","Sinistea","ヤバチャ","Théffroi","Ghost","","854"
"855","Polteageist","60","medium","7.87","0.88","8","63","8","Purple","Polteageist","ポットデス","Polthégeist","Ghost","","855"
"856","Hatenna","235","slow","15.75","7.5","14","63","8","Pink","Hatenna","ミブリム","Bibichut","Psychic","","856"
"857","Hattrem","120","slow","23.62","10.58","14","63","8","Pink","Hattrem","テブリム","Chapotus","Psychic","","857"
"858","Hatterene","45","slow","82.68","11.24","14;18","63","8","Pink","Hatterene","ブリムオン","Sorcilence","Psychic","Fairy","858"
"859","Impidimp","255","medium","15.75","12.13","17;18","63","8","Pink","Impidimp","ベロバー","Grimalin","Dark","Fairy","859"
"860","Morgrem","120","medium","31.5","27.56","17;18","63","8","Pink","Morgrem","ギモー","Fourbelin","Dark","Fairy","860"
"861","Grimmsnarl","45","medium","59.06","134.48","17;18","63","8","Purple","Grimmsnarl","オーロンゲ","Angoliath","Dark","Fairy","861"
"862","Obstagoon","45","medium","62.99","101.41","17;1","63","8","Gray","Obstagoon","タチフサグマ","Ixon","Dark","Normal","862"
"863","Perrserker","90","medium","31.5","61.73","9","63","8","Brown","Perrserker","ニャイキング","Berserkatt","Steel","","863"
"864","Cursola","30","fast","39.37","0.88","8","63","8","White","Cursola","サニゴーン","Corayôme","Ghost","","864"
"865","Sirfetchd","45","medium","31.5","257.94","2","63","8","White","Sirfetch’d","ネギガナイト","Palarticho","Fighting","","865"
"866","Mr-rime","45","medium","59.06","128.31","15;14","63","8","Purple","Mr. Rime","バリコオル","M. Glaquette","Ice","Psychic","866"
"867","Runerigus","90","medium","62.99","146.83","5;8","63","8","Gray","Runerigus","デスバーン","Tutétékri","Ground","Ghost","867"
"868","Milcery","200","medium","7.87","0.66","18","63","8","White","Milcery","マホミル","Crèmy","Fairy","","868"
"869","Alcremie","100","medium","11.81","1.1","18","63","8","White","Alcremie","マホイップ","Charmilly","Fairy","","869"
"870","Falinks","45","medium","118.11","136.69","2","63","8","Yellow","Falinks","タイレーツ","Hexadron","Fighting","","870"
"871","Pincurchin","75","medium","11.81","2.2","13","63","8","Purple","Pincurchin","バチンウニ","Wattapik","Electric","","871"
"872","Snom","190","medium","11.81","8.38","15;7","63","8","White","Snom","ユキハミ","Frissonille","Ice","Bug","872"
"873","Frosmoth","75","medium","51.18","92.59","15;7","63","8","White","Frosmoth","モスノウ","Beldeneige","Ice","Bug","873"
"874","Stonjourner","60","slow","98.43","1146.4","6","63","8","Gray","Stonjourner","イシヘンジン","Dolman","Rock","","874"
"875","Eiscue-ice","60","slow","55.12","196.21","15","63","8","Blue","Eiscue","コオリッポ","Bekaglaçon","Ice","","875"
"876","Indeedee-male","30","fast","35.43","61.73","14;1","63","8","Purple","Indeedee","イエッサン","Wimessir","Psychic","Normal","876"
"877","Morpeko-full-belly","180","medium","11.81","6.61","13;17","63","8","Yellow","Morpeko","モルペコ","Morpeko","Electric","Dark","877"
"878","Cufant","190","medium","47.24","220.46","9","63","8","Yellow","Cufant","ゾウドウ","Charibari","Steel","","878"
"879","Copperajah","90","medium","118.11","1433","9","63","8","Green","Copperajah","ダイオウドウ","Pachyradjah","Steel","","879"
"880","Dracozolt","45","slow","70.87","418.88","13;16","63","8","Green","Dracozolt","パッチラゴン","Galvagon","Electric","Dragon","880"
"881","Arctozolt","45","slow","90.55","330.69","13;15","63","8","Blue","Arctozolt","パッチルドン","Galvagla","Electric","Ice","881"
"882","Dracovish","45","slow","90.55","473.99","11;16","63","8","Green","Dracovish","ウオノラゴン","Hydragon","Water","Dragon","882"
"883","Arctovish","45","slow","78.74","385.81","11;15","63","8","Blue","Arctovish","ウオチルドン","Hydragla","Water","Ice","883"
"884","Duraludon","45","medium","70.87","88.18","9;16","63","8","White","Duraludon","ジュラルドン","Duralugon","Steel","Dragon","884"
"885","Dreepy","45","slow","19.69","4.41","16;8","63","8","Green","Dreepy","ドラメシヤ","Fantyrm","Dragon","Ghost","885"
"886","Drakloak","45","slow","55.12","24.25","16;8","63","8","Green","Drakloak","ドロンチ","Dispareptil","Dragon","Ghost","886"
"887","Dragapult","45","slow","118.11","110.23","16;8","63","8","Green","Dragapult","ドラパルト","Lanssorien","Dragon","Ghost","887"
"888","Zacian","10","slow","110.24","242.51","18","63","8","Blue","Zacian","ザシアン","Zacian","Fairy","","888"
"889","Zamazenta","10","slow","114.17","462.97","2","63","8","Red","Zamazenta","ザマゼンタ","Zamazenta","Fighting","","889"
"890","Eternatus","255","slow","787.4","2094.39","4;16","63","8","Purple","Eternatus","ムゲンダイナ","Éthernatos","Poison","Dragon","890"
"891","Kubfu","3","slow","23.62","26.46","2","63","8","Gray","Kubfu","ダクマ","Wushours","Fighting","","891"
"892","Urshifu-single-strike","3","slow","74.8","231.49","2;17","63","8","Gray","Urshifu","ウーラオス","Shifours","Fighting","Dark","892"
"893","Zarude","3","slow","70.87","154.32","17;12","63","8","Green","Zarude","ザルード","Zarude","Dark","Grass","893"
"894","Regieleki","3","slow","47.24","319.67","13","63","8","Yellow","Regieleki","レジエレキ","Regieleki","Electric","","894"
"895","Regidrago","3","slow","82.68","440.92","16","63","8","Green","Regidrago","レジドラゴ","Regidrago","Dragon","","895"
"896","Glastrier","3","slow","86.61","1763.7","15","63","8","White","Glastrier","ブリザポス","Blizzeval","Ice","","896"
"897","Spectrier","3","slow","78.74","98.11","8","63","8","Black","Spectrier","レイスポス","Spectreval","Ghost","","897"
"898","Calyrex","3","slow","43.31","16.98","14;12","63","8","Green","Calyrex","バドレックス","Sylveroy","Psychic","Grass","898"
"899","Wyrdeer","135","slow","70.87","209.66","1;14","63","8","Gray","Wyrdeer","アヤシシ","Cerbyllin","Normal","Psychic","899"
"900","Kleavor","115","medium","70.87","196.21","7;6","63","8","Brown","Kleavor","バサギリ","Hachécateur","Bug","Rock","900"
"901","Ursaluna","75","medium","94.49","639.34","5;1","63","8","Brown","Ursaluna","ガチグマ","Ursaking","Ground","Normal","901"
"902","Basculegion-male","135","medium","118.11","242.51","11;8","63","8","Green","Basculegion","イダイトウ","Paragruel","Water","Ghost","902"
"903","Sneasler","135","medium-slow","51.18","94.8","2;4","63","8","Gray","Sneasler","オオニューラ","Farfurex","Fighting","Poison","903"
"904","Overqwil","135","medium","98.43","133.38","17;4","63","8","Black","Overqwil","ハリーマン","Qwilpik","Dark","Poison","904"
"905","Enamorus-incarnate","3","slow","62.99","105.82","18;3","63","8","Pink","Enamorus","ラブトロス","Amovénus","Fairy","Flying","905"
"906","Sprigatito","45","medium-slow","15.75","9.04","12","65","10","Green","Sprigatito","ニャオハ","Poussacha","Grass","","906"
"907","Floragato","45","medium-slow","35.43","26.9","12","65","10","Green","Floragato","ニャローテ","Matourgeon","Grass","","907"
"908","Meowscarada","45","medium-slow","59.06","68.78","12;17","65","10","Green","Meowscarada","マスカーニャ","Miascarade","Grass","Dark","908"
"909","Fuecoco","45","medium-slow","15.75","21.61","10","65","10","Red","Fuecoco","ホゲータ","Chochodile","Fire","","909"
"910","Crocalor","45","medium-slow","39.37","67.68","10","65","10","Red","Crocalor","アチゲータ","Crocogril","Fire","","910"
"911","Skeledirge","45","medium-slow","62.99","719.81","10;8","65","10","Red","Skeledirge","ラウドボーン","Flâmigator","Fire","Ghost","911"
"912","Quaxly","45","medium-slow","19.69","13.45","11","65","10","White","Quaxly","クワッス","Coiffeton","Water","","912"
"913","Quaxwell","45","medium-slow","47.24","47.4","11","65","10","Blue","Quaxwell","ウェルカモ","Canarbello","Water","","913"
"914","Quaquaval","45","medium-slow","70.87","136.47","11;2","65","10","Blue","Quaquaval","ウェーニバル","Palmaval","Water","Fighting","914"
"915","Lechonk","255","medium","19.69","22.49","1","65","10","Gray","Lechonk","グルトン","Gourmelet","Normal","","915"
"916","Oinkologne-male","100","medium","39.37","264.55","1","65","10","Gray","Oinkologne","パフュートン","Fragroin","Normal","","916"
"917","Tarountula","255","slow-then-very-fast","11.81","8.82","7","65","10","White","Tarountula","タマンチュラ","Tissenboule","Bug","","917"
"918","Spidops","120","slow-then-very-fast","39.37","36.38","7","65","10","Green","Spidops","ワナイダー","Filentrappe","Bug","","918"
"919","Nymble","190","medium","7.87","2.2","7","65","10","Gray","Nymble","マメバッタ","Lilliterelle","Bug","","919"
"920","Lokix","30","medium","39.37","38.58","7;17","65","10","Gray","Lokix","エクスレッグ","Gambex","Bug","Dark","920"
"921","Pawmi","190","medium","11.81","5.51","13","65","10","Yellow","Pawmi","パモ","Pohm","Electric","","921"
"922","Pawmo","80","medium","15.75","14.33","13;2","65","10","Yellow","Pawmo","パモット","Pohmotte","Electric","Fighting","922"
"923","Pawmot","45","medium","35.43","90.39","13;2","65","10","Yellow","Pawmot","パーモット","Pohmarmotte","Electric","Fighting","923"
"924","Tandemaus","150","fast","11.81","3.97","1","65","10","White","Tandemaus","ワッカネズミ","Compagnol","Normal","","924"
"925","Maushold-family-of-four","75","fast","11.81","6.17","1","65","10","White","Maushold","イッカネズミ","Famignol","Normal","","925"
"926","Fidough","190","medium-slow","11.81","24.03","18","65","10","Yellow","Fidough","パピモッチ","Pâtachiot","Fairy","","926"
"927","Dachsbun","90","medium-slow","19.69","32.85","18","65","10","Brown","Dachsbun","バウッツェル","Briochien","Fairy","","927"
"928","Smoliv","255","medium-slow","11.81","14.33","12;1","65","10","Green","Smoliv","ミニーブ","Olivini","Grass","Normal","928"
"929","Dolliv","120","medium-slow","23.62","26.24","12;1","65","10","Green","Dolliv","オリーニョ","Olivado","Grass","Normal","929"
"930","Arboliva","45","medium-slow","55.12","106.26","12;1","65","10","Green","Arboliva","オリーヴァ","Arboliva","Grass","Normal","930"
"931","Squawkabilly-green-plumage","190","slow-then-very-fast","23.62","5.29","1;3","65","10","Green","Squawkabilly","イキリンコ","Tapatoès","Normal","Flying","931"
"932","Nacli","255","medium-slow","15.75","35.27","6","65","10","Brown","Nacli","コジオ","Selutin","Rock","","932"
"933","Naclstack","120","medium-slow","23.62","231.49","6","65","10","Brown","Naclstack","ジオヅム","Amassel","Rock","","933"
"934","Garganacl","45","medium-slow","90.55","529.11","6","65","10","Brown","Garganacl","キョジオーン","Gigansel","Rock","","934"
"935","Charcadet","90","slow","23.62","23.15","10","65","10","Red","Charcadet","カルボウ","Charbambin","Fire","","935"
"936","Armarouge","25","slow","59.06","187.39","10;14","65","10","Red","Armarouge","グレンアルマ","Carmadura","Fire","Psychic","936"
"937","Ceruledge","25","slow","62.99","136.69","10;8","65","10","Blue","Ceruledge","ソウブレイズ","Malvalame","Fire","Ghost","937"
"938","Tadbulb","190","medium","11.81","0.88","13","65","10","Yellow","Tadbulb","ズピカ","Têtampoule","Electric","","938"
"939","Bellibolt","50","medium","47.24","249.12","13","65","10","Green","Bellibolt","ハラバリー","Ampibidou","Electric","","939"
"940","Wattrel","180","medium-slow","15.75","7.94","13;3","65","10","Black","Wattrel","カイデン","Zapétrel","Electric","Flying","940"
"941","Kilowattrel","90","medium-slow","55.12","85.1","13;3","65","10","Yellow","Kilowattrel","タイカイデン","Fulgulairo","Electric","Flying","941"
"942","Maschiff","150","medium-slow","19.69","35.27","17","65","10","Brown","Maschiff","オラチフ","Grondogue","Dark","","942"
"943","Mabosstiff","75","medium-slow","43.31","134.48","17","65","10","Gray","Mabosstiff","マフィティフ","Dogrino","Dark","","943"
"944","Shroodle","190","medium-slow","7.87","1.54","4;1","65","10","Gray","Shroodle","シルシュルー","Gribouraigne","Poison","Normal","944"
"945","Grafaiai","90","medium-slow","27.56","59.97","4;1","65","10","Gray","Grafaiai","タギングル","Tag-Tag","Poison","Normal","945"
"946","Bramblin","190","medium","23.62","1.32","12;8","65","10","Brown","Bramblin","アノクサ","Virovent","Grass","Ghost","946"
"947","Brambleghast","45","medium","47.24","13.23","12;8","65","10","Brown","Brambleghast","アノホラグサ","Virevorreur","Grass","Ghost","947"
"948","Toedscool","190","medium-slow","35.43","72.75","5;12","65","10","Yellow","Toedscool","ノノクラゲ","Terracool","Ground","Grass","948"
"949","Toedscruel","90","medium-slow","74.8","127.87","5;12","65","10","Black","Toedscruel","リククラゲ","Terracruel","Ground","Grass","949"
"950","Klawf","120","medium","51.18","174.16","6","65","10","Red","Klawf","ガケガニ","Craparoi","Rock","","950"
"951","Capsakid","190","medium","11.81","6.61","12","65","10","Green","Capsakid","カプサイジ","Pimito","Grass","","951"
"952","Scovillain","75","medium","35.43","33.07","12;10","65","10","Green","Scovillain","スコヴィラン","Scovilain","Grass","Fire","952"
"953","Rellor","190","fast","7.87","2.2","7","65","10","Brown","Rellor","シガロコ","Léboulérou","Bug","","953"
"954","Rabsca","45","fast","11.81","7.72","7;14","65","10","Green","Rabsca","ベラカス","Bérasca","Bug","Psychic","954"
"955","Flittle","120","medium-slow","7.87","3.31","14","65","10","Yellow","Flittle","ヒラヒナ","Flotillon","Psychic","","955"
"956","Espathra","60","medium-slow","74.8","198.42","14","65","10","Yellow","Espathra","クエスパトラ","Cléopsytra","Psychic","","956"
"957","Tinkatink","190","medium-slow","15.75","19.62","18;9","65","10","Pink","Tinkatink","カヌチャン","Forgerette","Fairy","Steel","957"
"958","Tinkatuff","90","medium-slow","27.56","130.29","18;9","65","10","Pink","Tinkatuff","ナカヌチャン","Forgella","Fairy","Steel","958"
"959","Tinkaton","45","medium-slow","27.56","248.68","18;9","65","10","Pink","Tinkaton","デカヌチャン","Forgelina","Fairy","Steel","959"
"960","Wiglett","255","medium","47.24","3.97","11","65","10","White","Wiglett","ウミディグダ","Taupikeau","Water","","960"
"961","Wugtrio","50","medium","47.24","11.9","11","65","10","Red","Wugtrio","ウミトリオ","Triopikeau","Water","","961"
"962","Bombirdier","25","slow","59.06","94.58","3;17","65","10","White","Bombirdier","オトシドリ","Lestombaile","Flying","Dark","962"
"963","Finizen","200","slow","51.18","132.72","11","65","10","Blue","Finizen","ナミイルカ","Dofin","Water","","963"
"964","Palafin-zero","45","slow","51.18","132.72","11","65","10","Blue","Palafin","イルカマン","Superdofin","Water","","964"
"965","Varoom","190","medium","39.37","77.16","9;4","65","10","Gray","Varoom","ブロロン","Vrombi","Steel","Poison","965"
"966","Revavroom","75","medium","70.87","264.55","9;4","65","10","Gray","Revavroom","ブロロローム","Vrombotor","Steel","Poison","966"
"967","Cyclizar","190","medium-slow","62.99","138.89","16;1","65","10","Green","Cyclizar","モトトカゲ","Motorizard","Dragon","Normal","967"
"968","Orthworm","25","slow","98.43","683.43","9","65","10","Pink","Orthworm","ミミズズ","Ferdeter","Steel","","968"
"969","Glimmet","70","medium-slow","27.56","17.64","6;4","65","10","Blue","Glimmet","キラーメ","Germéclat","Rock","Poison","969"
"970","Glimmora","25","medium-slow","59.06","99.21","6;4","65","10","Blue","Glimmora","キラフロル","Floréclat","Rock","Poison","970"
"971","Greavard","120","medium-slow","23.62","77.16","8","65","10","White","Greavard","ボチ","Toutombe","Ghost","","971"
"972","Houndstone","60","medium-slow","78.74","33.07","8","65","10","White","Houndstone","ハカドッグ","Tomberro","Ghost","","972"
"973","Flamigo","100","medium-slow","62.99","81.57","3;2","65","10","Pink","Flamigo","カラミンゴ","Flamenroule","Flying","Fighting","973"
"974","Cetoddle","150","medium-slow","47.24","99.21","15","65","10","White","Cetoddle","アルクジラ","Piétacé","Ice","","974"
"975","Cetitan","50","medium-slow","177.17","1543.23","15","65","10","White","Cetitan","ハルクジラ","Balbalèze","Ice","","975"
"976","Veluza","100","fast","98.43","198.42","11;14","65","10","Gray","Veluza","ミガルーサ","Délestin","Water","Psychic","976"
"977","Dondozo","25","slow","472.44","485.02","11","65","10","Blue","Dondozo","ヘイラッシャ","Oyacata","Water","","977"
"978","Tatsugiri-curly","100","medium-slow","11.81","17.64","16;11","65","10","Pink","Tatsugiri","シャリタツ","Nigirigon","Dragon","Water","978"
"979","Annihilape","45","medium","47.24","123.46","2;8","65","10","Gray","Annihilape","コノヨザル","Courrousinge","Fighting","Ghost","979"
"980","Clodsire","90","medium","70.87","491.63","4;5","65","10","Brown","Clodsire","ドオー","Terraiste","Poison","Ground","980"
"981","Farigiraf","45","medium","125.98","352.74","1;14","65","10","Brown","Farigiraf","リキキリン","Farigiraf","Normal","Psychic","981"
"982","Dudunsparce-two-segment","45","medium","141.73","86.42","1","65","10","Yellow","Dudunsparce","ノココッチ","Deusolourdo","Normal","","982"
"983","Kingambit","25","medium","78.74","264.55","17;9","65","10","Black","Kingambit","ドドゲザン","Scalpereur","Dark","Steel","983"
"984","Great-tusk","30","slow","86.61","705.48","5;2","65","10","Purple","Great Tusk","イダイナキバ","Fort-Ivoire","Ground","Fighting","984"
"985","Scream-tail","50","slow","47.24","17.64","18;14","65","10","Pink","Scream Tail","サケブシッポ","Hurle-Queue","Fairy","Psychic","985"
"986","Brute-bonnet","50","slow","47.24","46.3","12;17","65","10","Gray","Brute Bonnet","アラブルタケ","Fongus-Furie","Grass","Dark","986"
"987","Flutter-mane","30","slow","55.12","8.82","8;18","65","10","Gray","Flutter Mane","ハバタクカミ","Flotte-Mèche","Ghost","Fairy","987"
"988","Slither-wing","30","slow","125.98","202.82","7;2","65","10","Red","Slither Wing","チヲハウハネ","Rampe-Ailes","Bug","Fighting","988"
"989","Sandy-shocks","30","slow","90.55","132.28","13;5","65","10","Gray","Sandy Shocks","スナノケガワ","Pelage-Sablé","Electric","Ground","989"
"990","Iron-treads","30","slow","35.43","529.11","5;9","65","10","Gray","Iron Treads","テツノワダチ","Roue-de-Fer","Ground","Steel","990"
"991","Iron-bundle","50","slow","23.62","24.25","15;11","65","10","Red","Iron Bundle","テツノツツミ","Hotte-de-Fer","Ice","Water","991"
"992","Iron-hands","50","slow","70.87","839.3","2;13","65","10","Gray","Iron Hands","テツノカイナ","Paume-de-Fer","Fighting","Electric","992"
"993","Iron-jugulis","30","slow","51.18","244.71","17;3","65","10","Blue","Iron Jugulis","テツノコウベ","Têtes-de-Fer","Dark","Flying","993"
"994","Iron-moth","30","slow","47.24","79.37","10;4","65","10","Yellow","Iron Moth","テツノドクガ","Mite-de-Fer","Fire","Poison","994"
"995","Iron-thorns","30","slow","62.99","668","6;13","65","10","Green","Iron Thorns","テツノイバラ","Épine-de-Fer","Rock","Electric","995"
"996","Frigibax","45","slow","19.69","37.48","16;15","65","10","Gray","Frigibax","セビエ","Frigodo","Dragon","Ice","996"
"997","Arctibax","25","slow","31.5","66.14","16;15","65","10","Gray","Arctibax","セゴール","Cryodo","Dragon","Ice","997"
"998","Baxcalibur","10","slow","82.68","462.97","16;15","65","10","Gray","Baxcalibur","セグレイブ","Glaivodo","Dragon","Ice","998"
"999","Gimmighoul","45","slow","11.81","11.02","8","65","10","Brown","Gimmighoul","コレクレー","Mordudor","Ghost","","999"
"1000","Gholdengo","45","slow","47.24","66.14","9;8","65","10","Yellow","Gholdengo","サーフゴー","Gromago","Steel","Ghost","1000"
"1001","Wo-chien","6","slow","59.06","163.58","17;12","65","10","Brown","Wo-Chien","チオンジェン","Chongjian","Dark","Grass","1001"
"1002","Chien-pao","6","slow","74.8","335.54","17;15","65","10","White","Chien-Pao","パオジアン","Baojian","Dark","Ice","1002"
"1003","Ting-lu","6","slow","106.3","1542.57","17;5","65","10","Brown","Ting-Lu","ディンルー","Dinglu","Dark","Ground","1003"
"1004","Chi-yu","6","slow","15.75","10.8","17;10","65","10","Red","Chi-Yu","イーユイ","Yuyu","Dark","Fire","1004"
"1005","Roaring-moon","10","slow","78.74","837.76","16;17","65","10","Green","Roaring Moon","トドロクツキ","Rugit-Lune","Dragon","Dark","1005"
"1006","Iron-valiant","10","slow","55.12","77.16","18;2","65","10","White","Iron Valiant","テツノブジン","Garde-de-Fer","Fairy","Fighting","1006"
"1007","Koraidon","3","slow","98.43","668","2;16","65","10","Red","Koraidon","コライドン","Koraidon","Fighting","Dragon","1007"
"1008","Miraidon","3","slow","137.8","529.11","13;16","65","10","Blue","Miraidon","ミライドン","Miraidon","Electric","Dragon","1008"
"1009","Walking-wake","5","slow","137.8","617.29","11;16","65","10","Blue","Walking Wake","ウネルミナモ","Serpente-Eau","Water","Dragon","1009"
"1010","Iron-leaves","5","slow","59.06","275.58","12;14","65","10","Green","Iron Leaves","テツノイサハ","Vert-de-Fer","Grass","Psychic","1010"
"1011","Dipplin","45","slow","15.75","21.38","12;16","65","10","Green","Dipplin","カミッチュ","Pomdramour","Grass","Dragon","1011"
"1012","Poltchageist","120","slow","3.94","2.43","12;8","65","10","Green","Poltchageist","チャデス","Poltchageist","Grass","Ghost","1012"
"1013","Sinistcha","60","slow","7.87","4.85","12;8","65","10","Green","Sinistcha","ヤバソチャ","Théffroyable","Grass","Ghost","1013"
"1014","Okidogi","3","slow","70.87","203.27","4;2","65","10","Black","Okidogi","イイネイヌ","Félicanis","Poison","Fighting","1014"
"1015","Munkidori","3","slow","39.37","26.9","4;14","65","10","Black","Munkidori","マシマシラ","Fortusimia","Poison","Psychic","1015"
"1016","Fezandipiti","3","slow","55.12","66.36","4;18","65","10","Black","Fezandipiti","キチキギス","Favianos","Poison","Fairy","1016"
"1017","Ogerpon","5","slow","47.24","87.74","12","65","10","Green","Ogerpon","オーガポン","Ogerpon","Grass","","1017"
"1018","Archaludon","10","medium","78.74","132.28","9;16","65","10","White","Archaludon","ブリジュラス","Pondralugon","Steel","Dragon","1018"
"1019","Hydrapple","10","slow-then-very-fast","70.87","205.03","12;16","65","10","Green","Hydrapple","カミツオロチ","Pomdorochi","Grass","Dragon","1019"
"1020","Gouging-fire","10","slow","137.8","1300.73","10;16","65","10","Brown","Gouging Fire","ウガツホムラ","Feu-Perçant","Fire","Dragon","1020"
"1021","Raging-bolt","10","slow","204.72","1058.22","13;16","65","10","Yellow","Raging Bolt","タケルライコ","Ire-Foudre","Electric","Dragon","1021"
"1022","Iron-boulder","10","slow","59.06","358.25","6;14","65","10","Gray","Iron Boulder","テツノイワオ","Roc-de-Fer","Rock","Psychic","1022"
"1023","Iron-crown","10","slow","62.99","343.92","9;14","65","10","Blue","Iron Crown","テツノカシラ","Chef-de-Fer","Steel","Psychic","1023"
"1024","Terapagos","255","slow","7.87","14.33","1","65","10","Blue","Terapagos","テラパゴス","Terapagos","Normal","","1024"
"1025","Pecharunt","3","slow","11.81","0.66","4;8","65","10","Purple","Pecharunt","モモワロウ","Pêchaminus","Poison","Ghost","1025"
"10001","Deoxys-attack","3","slow","66.93","134.04","14","58","3","Red","Deoxys","デオキシス","Deoxys","Psychic","","386"
"10002","Deoxys-defense","3","slow","66.93","134.04","14","58","3","Red","Deoxys","デオキシス","Deoxys","Psychic","","386"
"10003","Deoxys-speed","3","slow","66.93","134.04","14","58","3","Red","Deoxys","デオキシス","Deoxys","Psychic","","386"
"10004","Wormadam-sandy","45","medium","19.69","14.33","7;5","59","4","Green","Wormadam","ミノマダム","Cheniselle","Bug","Ground","413"
"10005","Wormadam-trash","45","medium","19.69","14.33","7;9","59","4","Green","Wormadam","ミノマダム","Cheniselle","Bug","Steel","413"
"10006","Shaymin-sky","45","medium-slow","15.75","11.46","12;3","59","4","Green","Shaymin","シェイミ","Shaymin","Grass","Flying","492"
"10007","Giratina-origin","3","slow","271.65","1433","8;16","59","4","Black","Giratina","ギラティナ","Giratina","Ghost","Dragon","487"
"10008","Rotom-heat","45","medium","11.81","0.66","13;10","59","4","Red","Rotom","ロトム","Motisma","Electric","Fire","479"
"10009","Rotom-wash","45","medium","11.81","0.66","13;11","59","4","Red","Rotom","ロトム","Motisma","Electric","Water","479"
"10010","Rotom-frost","45","medium","11.81","0.66","13;15","59","4","Red","Rotom","ロトム","Motisma","Electric","Ice","479"
"10011","Rotom-fan","45","medium","11.81","0.66","13;3","59","4","Red","Rotom","ロトム","Motisma","Electric","Flying","479"
"10012","Rotom-mow","45","medium","11.81","0.66","13;12","59","4","Red","Rotom","ロトム","Motisma","Electric","Grass","479"
"10013","Castform-sunny","45","medium","11.81","1.76","10","58","3","Gray","Castform","ポワルン","Morphéo","Fire","","351"
"10014","Castform-rainy","45","medium","11.81","1.76","11","58","3","Gray","Castform","ポワルン","Morphéo","Water","","351"
"10015","Castform-snowy","45","medium","11.81","1.76","15","58","3","Gray","Castform","ポワルン","Morphéo","Ice","","351"
"10016","Basculin-blue-striped","25","medium","39.37","39.68","11","60","5","Green","Basculin","バスラオ","Bargantua","Water","","550"
"10017","Darmanitan-zen","60","medium-slow","51.18","204.81","10;14","60","5","Red","Darmanitan","ヒヒダルマ","Darumacho","Fire","Psychic","555"
"10018","Meloetta-pirouette","3","slow","23.62","14.33","1;2","60","5","White","Meloetta","メロエッタ","Meloetta","Normal","Fighting","648"
"10019","Tornadus-therian","3","slow","55.12","138.89","3","60","5","Green","Tornadus","トルネロス","Boréas","Flying","","641"
"10020","Thundurus-therian","3","slow","118.11","134.48","13;3","60","5","Blue","Thundurus","ボルトロス","Fulguris","Electric","Flying","642"
"10021","Landorus-therian","3","slow","51.18","149.91","5;3","60","5","Brown","Landorus","ランドロス","Démétéros","Ground","Flying","645"
"10022","Kyurem-black","3","slow","129.92","716.5","16;15","60","5","Gray","Kyurem","キュレム","Kyurem","Dragon","Ice","646"
"10023","Kyurem-white","3","slow","141.73","716.5","16;15","60","5","Gray","Kyurem","キュレム","Kyurem","Dragon","Ice","646"
"10024","Keldeo-resolute","3","slow","55.12","106.92","11;2","60","5","Yellow","Keldeo","ケルディオ","Keldeo","Water","Fighting","647"
"10025","Meowstic-female","75","medium","23.62","18.74","14","61","6","Blue","Meowstic","ニャオニクス","Mistigrix","Psychic","","678"
"10026","Aegislash-blade","45","medium","66.93","116.84","9;8","61","6","Brown","Aegislash","ギルガルド","Exagide","Steel","Ghost","681"
"10027","Pumpkaboo-small","120","medium","11.81","7.72","8;12","61","6","Brown","Pumpkaboo","バケッチャ","Pitrouille","Ghost","Grass","710"
"10028","Pumpkaboo-large","120","medium","19.69","16.53","8;12","61","6","Brown","Pumpkaboo","バケッチャ","Pitrouille","Ghost","Grass","710"
"10029","Pumpkaboo-super","120","medium","31.5","33.07","8;12","61","6","Brown","Pumpkaboo","バケッチャ","Pitrouille","Ghost","Grass","710"
"10030","Gourgeist-small","60","medium","27.56","20.94","8;12","61","6","Brown","Gourgeist","パンプジン","Banshitrouye","Ghost","Grass","711"
"10031","Gourgeist-large","60","medium","43.31","30.86","8;12","61","6","Brown","Gourgeist","パンプジン","Banshitrouye","Ghost","Grass","711"
"10032","Gourgeist-super","60","medium","66.93","85.98","8;12","61","6","Brown","Gourgeist","パンプジン","Banshitrouye","Ghost","Grass","711"
"10033","Venusaur-mega","45","medium-slow","94.49","342.82","12;4","56","1","Green","Venusaur","フシギバナ","Florizarre","Grass","Poison","3"
"10034","Charizard-mega-x","45","medium-slow","66.93","243.61","10;16","56","1","Red","Charizard","リザードン","Dracaufeu","Fire","Dragon","6"
"10035","Charizard-mega-y","45","medium-slow","66.93","221.56","10;3","56","1","Red","Charizard","リザードン","Dracaufeu","Fire","Flying","6"
"10036","Blastoise-mega","45","medium-slow","62.99","222.89","11","56","1","Blue","Blastoise","カメックス","Tortank","Water","","9"
"10037","Alakazam-mega","50","medium-slow","47.24","105.82","14","56","1","Brown","Alakazam","フーディン","Alakazam","Psychic","","65"
"10038","Gengar-mega","45","medium-slow","55.12","89.29","8;4","56","1","Purple","Gengar","ゲンガー","Ectoplasma","Ghost","Poison","94"
"10039","Kangaskhan-mega","45","medium","86.61","220.46","1","56","1","Brown","Kangaskhan","ガルーラ","Kangourex","Normal","","115"
"10040","Pinsir-mega","45","slow","66.93","130.07","7;3","56","1","Brown","Pinsir","カイロス","Scarabrute","Bug","Flying","127"
"10041","Gyarados-mega","45","slow","255.91","672.41","11;17","56","1","Blue","Gyarados","ギャラドス","Léviator","Water","Dark","130"
"10042","Aerodactyl-mega","45","slow","82.68","174.16","6;3","56","1","Purple","Aerodactyl","プテラ","Ptéra","Rock","Flying","142"
"10043","Mewtwo-mega-x","3","slow","90.55","279.99","14;2","56","1","Purple","Mewtwo","ミュウツー","Mewtwo","Psychic","Fighting","150"
"10044","Mewtwo-mega-y","3","slow","59.06","72.75","14","56","1","Purple","Mewtwo","ミュウツー","Mewtwo","Psychic","","150"
"10045","Ampharos-mega","45","medium-slow","55.12","135.58","13;16","57","2","Yellow","Ampharos","デンリュウ","Pharamp","Electric","Dragon","181"
"10046","Scizor-mega","25","medium","78.74","275.58","7;9","57","2","Red","Scizor","ハッサム","Cizayox","Bug","Steel","212"
"10047","Heracross-mega","45","slow","66.93","137.79","7;2","57","2","Blue","Heracross","ヘラクロス","Scarhino","Bug","Fighting","214"
"10048","Houndoom-mega","45","slow","74.8","109.13","17;10","57","2","Black","Houndoom","ヘルガー","Démolosse","Dark","Fire","229"
"10049","Tyranitar-mega","45","slow","98.43","562.18","6;17","57","2","Green","Tyranitar","バンギラス","Tyranocif","Rock","Dark","248"
"10050","Blaziken-mega","45","medium-slow","74.8","114.64","10;2","58","3","Red","Blaziken","バシャーモ","Braségali","Fire","Fighting","257"
"10051","Gardevoir-mega","45","slow","62.99","106.7","14;18","58","3","White","Gardevoir","サーナイト","Gardevoir","Psychic","Fairy","282"
"10052","Mawile-mega","45","fast","39.37","51.81","9;18","58","3","Black","Mawile","クチート","Mysdibule","Steel","Fairy","303"
"10053","Aggron-mega","45","slow","86.61","870.82","9","58","3","Gray","Aggron","ボスゴドラ","Galeking","Steel","","306"
"10054","Medicham-mega","90","medium","51.18","69.45","2;14","58","3","Red","Medicham","チャーレム","Charmina","Fighting","Psychic","308"
"10055","Manectric-mega","45","slow","70.87","97","13","58","3","Yellow","Manectric","ライボルト","Élecsprint","Electric","","310"
"10056","Banette-mega","45","fast","47.24","28.66","8","58","3","Black","Banette","ジュペッタ","Branette","Ghost","","354"
"10057","Absol-mega","30","medium-slow","47.24","108.03","17","58","3","White","Absol","アブソル","Absol","Dark","","359"
"10058","Garchomp-mega","45","slow","74.8","209.44","16;5","59","4","Blue","Garchomp","ガブリアス","Carchacrok","Dragon","Ground","445"
"10059","Lucario-mega","45","medium-slow","51.18","126.77","2;9","59","4","Blue","Lucario","ルカリオ","Lucario","Fighting","Steel","448"
"10060","Abomasnow-mega","60","slow","106.3","407.85","12;15","59","4","White","Abomasnow","ユキノオー","Blizzaroi","Grass","Ice","460"
"10061","Floette-eternal","120","medium","7.87","1.98","18","61","6","White","Floette","フラエッテ","Floette","Fairy","","670"
"10062","Latias-mega","3","slow","70.87","114.64","16;14","58","3","Red","Latias","ラティアス","Latias","Dragon","Psychic","380"
"10063","Latios-mega","3","slow","90.55","154.32","16;14","58","3","Blue","Latios","ラティオス","Latios","Dragon","Psychic","381"
"10064","Swampert-mega","45","medium-slow","74.8","224.87","11;5","58","3","Blue","Swampert","ラグラージ","Laggron","Water","Ground","260"
"10065","Sceptile-mega","45","medium-slow","74.8","121.7","12;16","58","3","Green","Sceptile","ジュカイン","Jungko","Grass","Dragon","254"
"10066","Sableye-mega","45","medium-slow","19.69","354.94","17;8","58","3","Purple","Sableye","ヤミラミ","Ténéfix","Dark","Ghost","302"
"10067","Altaria-mega","45","slow-then-very-fast","59.06","45.42","16;18","58","3","Blue","Altaria","チルタリス","Altaria","Dragon","Fairy","334"
"10068","Gallade-mega","45","slow","62.99","124.34","14;2","59","4","White","Gallade","エルレイド","Gallame","Psychic","Fighting","475"
"10069","Audino-mega","255","fast","59.06","70.55","1;18","60","5","Pink","Audino","タブンネ","Nanméouïe","Normal","Fairy","531"
"10070","Sharpedo-mega","60","slow","98.43","287.26","11;17","58","3","Blue","Sharpedo","サメハダー","Sharpedo","Water","Dark","319"
"10071","Slowbro-mega","75","medium","78.74","264.55","11;14","56","1","Pink","Slowbro","ヤドラン","Flagadoss","Water","Psychic","80"
"10072","Steelix-mega","25","medium","413.39","1631.42","9;5","57","2","Gray","Steelix","ハガネール","Steelix","Steel","Ground","208"
"10073","Pidgeot-mega","45","medium-slow","86.61","111.33","1;3","56","1","Brown","Pidgeot","ピジョット","Roucarnage","Normal","Flying","18"
"10074","Glalie-mega","75","medium","82.68","772.06","15","58","3","Gray","Glalie","オニゴーリ","Oniglali","Ice","","362"
"10075","Diancie-mega","3","slow","43.31","61.29","6;18","61","6","Pink","Diancie","ディアンシー","Diancie","Rock","Fairy","719"
"10076","Metagross-mega","3","slow","98.43","2078.74","9;14","58","3","Blue","Metagross","メタグロス","Métalosse","Steel","Psychic","376"
"10077","Kyogre-primal","3","slow","385.83","947.99","11","58","3","Blue","Kyogre","カイオーガ","Kyogre","Water","","382"
"10078","Groudon-primal","3","slow","196.85","2203.96","5;10","58","3","Red","Groudon","グラードン","Groudon","Ground","Fire","383"
"10079","Rayquaza-mega","45","slow","425.2","864.21","16;3","58","3","Green","Rayquaza","レックウザ","Rayquaza","Dragon","Flying","384"
"10080","Pikachu-rock-star","190","medium","15.75","13.23","13","56","1","Yellow","Pikachu","ピカチュウ","Pikachu","Electric","","25"
"10081","Pikachu-belle","190","medium","15.75","13.23","13","56","1","Yellow","Pikachu","ピカチュウ","Pikachu","Electric","","25"
"10082","Pikachu-pop-star","190","medium","15.75","13.23","13","56","1","Yellow","Pikachu","ピカチュウ","Pikachu","Electric","","25"
"10083","Pikachu-phd","190","medium","15.75","13.23","13","56","1","Yellow","Pikachu","ピカチュウ","Pikachu","Electric","","25"
"10084","Pikachu-libre","190","medium","15.75","13.23","13","56","1","Yellow","Pikachu","ピカチュウ","Pikachu","Electric","","25"
"10085","Pikachu-cosplay","190","medium","15.75","13.23","13","56","1","Yellow","Pikachu","ピカチュウ","Pikachu","Electric","","25"
"10086","Hoopa-unbound","3","slow","255.91","1080.26","14;17","61","6","Purple","Hoopa","フーパ","Hoopa","Psychic","Dark","720"
"10087","Camerupt-mega","150","medium","98.43","706.58","10;5","58","3","Red","Camerupt","バクーダ","Camérupt","Fire","Ground","323"
"10088","Lopunny-mega","60","medium","51.18","62.39","1;2","59","4","Brown","Lopunny","ミミロップ","Lockpin","Normal","Fighting","428"
"10089","Salamence-mega","45","slow","70.87","248.24","16;3","58","3","Blue","Salamence","ボーマンダ","Drattak","Dragon","Flying","373"
"10090","Beedrill-mega","45","medium","55.12","89.29","7;4","56","1","Yellow","Beedrill","スピアー","Dardargnan","Bug","Poison","15"
"10091","Rattata-alola","255","medium","11.81","8.38","17;1","56","1","Purple","Rattata","コラッタ","Rattata","Dark","Normal","19"
"10092","Raticate-alola","127","medium","27.56","56.22","17;1","56","1","Brown","Raticate","ラッタ","Rattatac","Dark","Normal","20"
"10093","Raticate-totem-alola","127","medium","55.12","231.49","17;1","56","1","Brown","Raticate","ラッタ","Rattatac","Dark","Normal","20"
"10094","Pikachu-original-cap","190","medium","15.75","13.23","13","56","1","Yellow","Pikachu","ピカチュウ","Pikachu","Electric","","25"
"10095","Pikachu-hoenn-cap","190","medium","15.75","13.23","13","56","1","Yellow","Pikachu","ピカチュウ","Pikachu","Electric","","25"
"10096","Pikachu-sinnoh-cap","190","medium","15.75","13.23","13","56","1","Yellow","Pikachu","ピカチュウ","Pikachu","Electric","","25"
"10097","Pikachu-unova-cap","190","medium","15.75","13.23","13","56","1","Yellow","Pikachu","ピカチュウ","Pikachu","Electric","","25"
"10098","Pikachu-kalos-cap","190","medium","15.75","13.23","13","56","1","Yellow","Pikachu","ピカチュウ","Pikachu","Electric","","25"
"10099","Pikachu-alola-cap","190","medium","15.75","13.23","13","56","1","Yellow","Pikachu","ピカチュウ","Pikachu","Electric","","25"
"10100","Raichu-alola","75","medium","27.56","46.3","13;14","56","1","Yellow","Raichu","ライチュウ","Raichu","Electric","Psychic","26"
"10101","Sandshrew-alola","255","medium","27.56","88.18","15;9","56","1","Yellow","Sandshrew","サンド","Sabelette","Ice","Steel","27"
"10102","Sandslash-alola","90","medium","47.24","121.25","15;9","56","1","Yellow","Sandslash","サンドパン","Sablaireau","Ice","Steel","28"
"10103","Vulpix-alola","190","medium","23.62","21.83","15","56","1","Brown","Vulpix","ロコン","Goupix","Ice","","37"
"10104","Ninetales-alola","75","medium","43.31","43.87","15;18","56","1","Yellow","Ninetales","キュウコン","Feunard","Ice","Fairy","38"
"10105","Diglett-alola","255","medium","7.87","2.2","5;9","56","1","Brown","Diglett","ディグダ","Taupiqueur","Ground","Steel","50"
"10106","Dugtrio-alola","50","medium","27.56","146.83","5;9","56","1","Brown","Dugtrio","ダグトリオ","Triopikeur","Ground","Steel","51"
"10107","Meowth-alola","255","medium","15.75","9.26","17","56","1","Yellow","Meowth","ニャース","Miaouss","Dark","","52"
"10108","Persian-alola","90","medium","43.31","72.75","17","56","1","Yellow","Persian","ペルシアン","Persian","Dark","","53"
"10109","Geodude-alola","255","medium-slow","15.75","44.75","6;13","56","1","Brown","Geodude","イシツブテ","Racaillou","Rock","Electric","74"
"10110","Graveler-alola","120","medium-slow","39.37","242.51","6;13","56","1","Brown","Graveler","ゴローン","Gravalanch","Rock","Electric","75"
"10111","Golem-alola","45","medium-slow","66.93","696.66","6;13","56","1","Brown","Golem","ゴローニャ","Grolem","Rock","Electric","76"
"10112","Grimer-alola","190","medium","27.56","92.59","4;17","56","1","Purple","Grimer","ベトベター","Tadmorv","Poison","Dark","88"
"10113","Muk-alola","75","medium","39.37","114.64","4;17","56","1","Purple","Muk","ベトベトン","Grotadmorv","Poison","Dark","89"
"10114","Exeggutor-alola","45","slow","429.13","916.24","12;16","56","1","Yellow","Exeggutor","ナッシー","Noadkoko","Grass","Dragon","103"
"10115","Marowak-alola","75","medium","39.37","74.96","10;8","56","1","Brown","Marowak","ガラガラ","Ossatueur","Fire","Ghost","105"
"10116","Greninja-battle-bond","45","medium-slow","59.06","88.18","11;17","61","6","Blue","Greninja","ゲッコウガ","Amphinobi","Water","Dark","658"
"10117","Greninja-ash","45","medium-slow","59.06","88.18","11;17","61","6","Blue","Greninja","ゲッコウガ","Amphinobi","Water","Dark","658"
"10118","Zygarde-10-power-construct","3","slow","47.24","73.85","16;5","61","6","Green","Zygarde","ジガルデ","Zygarde","Dragon","Ground","718"
"10119","Zygarde-50-power-construct","3","slow","196.85","672.41","16;5","61","6","Green","Zygarde","ジガルデ","Zygarde","Dragon","Ground","718"
"10120","Zygarde-complete","3","slow","177.17","1344.82","16;5","61","6","Green","Zygarde","ジガルデ","Zygarde","Dragon","Ground","718"
"10121","Gumshoos-totem","127","medium","55.12","132.28","1","62","7","Brown","Gumshoos","デカグース","Argouste","Normal","","735"
"10122","Vikavolt-totem","45","medium","102.36","325.18","7;13","62","7","Blue","Vikavolt","クワガノン","Lucanon","Bug","Electric","738"
"10123","Oricorio-pom-pom","45","medium","23.62","7.5","13;3","62","7","Red","Oricorio","オドリドリ","Plumeline","Electric","Flying","741"
"10124","Oricorio-pau","45","medium","23.62","7.5","14;3","62","7","Red","Oricorio","オドリドリ","Plumeline","Psychic","Flying","741"
"10125","Oricorio-sensu","45","medium","23.62","7.5","8;3","62","7","Red","Oricorio","オドリドリ","Plumeline","Ghost","Flying","741"
"10126","Lycanroc-midnight","90","medium","43.31","55.12","6","62","7","Brown","Lycanroc","ルガルガン","Lougaroc","Rock","","745"
"10127","Wishiwashi-school","60","fast","322.83","173.28","11","62","7","Blue","Wishiwashi","ヨワシ","Froussardine","Water","","746"
"10128","Lurantis-totem","75","medium","59.06","127.87","12","62","7","Pink","Lurantis","ラランテス","Floramantis","Grass","","754"
"10129","Salazzle-totem","45","medium","82.68","178.57","4;10","62","7","Black","Salazzle","エンニュート","Malamandre","Poison","Fire","758"
"10130","Minior-orange-meteor","30","medium-slow","11.81","88.18","6;3","62","7","Brown","Minior","メテノ","Météno","Rock","Flying","774"
"10131","Minior-yellow-meteor","30","medium-slow","11.81","88.18","6;3","62","7","Brown","Minior","メテノ","Météno","Rock","Flying","774"
"10132","Minior-green-meteor","30","medium-slow","11.81","88.18","6;3","62","7","Brown","Minior","メテノ","Météno","Rock","Flying","774"
"10133","Minior-blue-meteor","30","medium-slow","11.81","88.18","6;3","62","7","Brown","Minior","メテノ","Météno","Rock","Flying","774"
"10134","Minior-indigo-meteor","30","medium-slow","11.81","88.18","6;3","62","7","Brown","Minior","メテノ","Météno","Rock","Flying","774"
"10135","Minior-violet-meteor","30","medium-slow","11.81","88.18","6;3","62","7","Brown","Minior","メテノ","Météno","Rock","Flying","774"
"10136","Minior-red","30","medium-slow","11.81","0.66","6;3","62","7","Brown","Minior","メテノ","Météno","Rock","Flying","774"
"10137","Minior-orange","30","medium-slow","11.81","0.66","6;3","62","7","Brown","Minior","メテノ","Météno","Rock","Flying","774"
"10138","Minior-yellow","30","medium-slow","11.81","0.66","6;3","62","7","Brown","Minior","メテノ","Météno","Rock","Flying","774"
"10139","Minior-green","30","medium-slow","11.81","0.66","6;3","62","7","Brown","Minior","メテノ","Météno","Rock","Flying","774"
"10140","Minior-blue","30","medium-slow","11.81","0.66","6;3","62","7","Brown","Minior","メテノ","Météno","Rock","Flying","774"
"10141","Minior-indigo","30","medium-slow","11.81","0.66","6;3","62","7","Brown","Minior","メテノ","Météno","Rock","Flying","774"
"10142","Minior-violet","30","medium-slow","11.81","0.66","6;3","62","7","Brown","Minior","メテノ","Météno","Rock","Flying","774"
"10143","Mimikyu-busted","45","medium","7.87","1.54","8;18","62","7","Yellow","Mimikyu","ミミッキュ","Mimiqui","Ghost","Fairy","778"
"10144","Mimikyu-totem-disguised","45","medium","15.75","6.17","8;18","62","7","Yellow","Mimikyu","ミミッキュ","Mimiqui","Ghost","Fairy","778"
"10145","Mimikyu-totem-busted","45","medium","15.75","6.17","8;18","62","7","Yellow","Mimikyu","ミミッキュ","Mimiqui","Ghost","Fairy","778"
"10146","Kommo-o-totem","45","slow","94.49","457.46","16;2","62","7","Gray","Kommo-o","ジャラランガ","Ékaïser","Dragon","Fighting","784"
"10147","Magearna-original","3","slow","39.37","177.47","9;18","62","7","Gray","Magearna","マギアナ","Magearna","Steel","Fairy","801"
"10148","Pikachu-partner-cap","190","medium","15.75","13.23","13","56","1","Yellow","Pikachu","ピカチュウ","Pikachu","Electric","","25"
"10149","Marowak-totem","75","medium","66.93","216.05","10;8","56","1","Brown","Marowak","ガラガラ","Ossatueur","Fire","Ghost","105"
"10150","Ribombee-totem","75","medium","15.75","4.41","7;18","62","7","Yellow","Ribombee","アブリボン","Rubombelle","Bug","Fairy","743"
"10151","Rockruff-own-tempo","190","medium","19.69","20.28","6","62","7","Brown","Rockruff","イワンコ","Rocabot","Rock","","744"
"10152","Lycanroc-dusk","90","medium","31.5","55.12","6","62","7","Brown","Lycanroc","ルガルガン","Lougaroc","Rock","","745"
"10153","Araquanid-totem","100","medium","122.05","479.5","11;7","62","7","Green","Araquanid","オニシズクモ","Tarenbulle","Water","Bug","752"
"10154","Togedemaru-totem","180","medium","23.62","28.66","13;9","62","7","Gray","Togedemaru","トゲデマル","Togedemaru","Electric","Steel","777"
"10155","Necrozma-dusk","255","slow","149.61","1014.13","14;9","62","7","Black","Necrozma","ネクロズマ","Necrozma","Psychic","Steel","800"
"10156","Necrozma-dawn","255","slow","165.35","771.62","14;8","62","7","Black","Necrozma","ネクロズマ","Necrozma","Psychic","Ghost","800"
"10157","Necrozma-ultra","255","slow","295.28","507.06","14;16","62","7","Black","Necrozma","ネクロズマ","Necrozma","Psychic","Dragon","800"
"10158","Pikachu-starter","190","medium","15.75","13.23","13","56","1","Yellow","Pikachu","ピカチュウ","Pikachu","Electric","","25"
"10159","Eevee-starter","45","medium","11.81","14.33","1","56","1","Brown","Eevee","イーブイ","Évoli","Normal","","133"
"10160","Pikachu-world-cap","190","medium","15.75","13.23","13","56","1","Yellow","Pikachu","ピカチュウ","Pikachu","Electric","","25"
"10161","Meowth-galar","255","medium","15.75","16.53","9","56","1","Yellow","Meowth","ニャース","Miaouss","Steel","","52"
"10162","Ponyta-galar","190","medium","31.5","52.91","14","56","1","Yellow","Ponyta","ポニータ","Ponyta","Psychic","","77"
"10163","Rapidash-galar","60","medium","66.93","176.37","14;18","56","1","Yellow","Rapidash","ギャロップ","Galopa","Psychic","Fairy","78"
"10164","Slowpoke-galar","190","medium","47.24","79.37","14","56","1","Pink","Slowpoke","ヤドン","Ramoloss","Psychic","","79"
"10165","Slowbro-galar","75","medium","62.99","155.43","4;14","56","1","Pink","Slowbro","ヤドラン","Flagadoss","Poison","Psychic","80"
"10166","Farfetchd-galar","45","medium","31.5","92.59","2","56","1","Brown","Farfetch’d","カモネギ","Canarticho","Fighting","","83"
"10167","Weezing-galar","60","medium","118.11","35.27","4;18","56","1","Purple","Weezing","マタドガス","Smogogo","Poison","Fairy","110"
"10168","Mr-mime-galar","45","medium","55.12","125.22","15;14","56","1","Pink","Mr. Mime","バリヤード","M. Mime","Ice","Psychic","122"
"10169","Articuno-galar","3","slow","66.93","112.22","14;3","56","1","Blue","Articuno","フリーザー","Artikodin","Psychic","Flying","144"
"10170","Zapdos-galar","3","slow","62.99","128.31","2;3","56","1","Yellow","Zapdos","サンダー","Électhor","Fighting","Flying","145"
"10171","Moltres-galar","3","slow","78.74","145.5","17;3","56","1","Yellow","Moltres","ファイヤー","Sulfura","Dark","Flying","146"
"10172","Slowking-galar","70","medium","70.87","175.27","4;14","57","2","Pink","Slowking","ヤドキング","Roigada","Poison","Psychic","199"
"10173","Corsola-galar","60","fast","23.62","1.1","8","57","2","Pink","Corsola","サニーゴ","Corayon","Ghost","","222"
"10174","Zigzagoon-galar","255","medium","15.75","38.58","17;1","58","3","Brown","Zigzagoon","ジグザグマ","Zigzaton","Dark","Normal","263"
"10175","Linoone-galar","90","medium","19.69","71.65","17;1","58","3","White","Linoone","マッスグマ","Linéon","Dark","Normal","264"
"10176","Darumaka-galar","120","medium-slow","27.56","88.18","15","60","5","Red","Darumaka","ダルマッカ","Darumarond","Ice","","554"
"10177","Darmanitan-galar-standard","60","medium-slow","66.93","264.55","15","60","5","Red","Darmanitan","ヒヒダルマ","Darumacho","Ice","","555"
"10178","Darmanitan-galar-zen","60","medium-slow","66.93","264.55","15;10","60","5","Red","Darmanitan","ヒヒダルマ","Darumacho","Ice","Fire","555"
"10179","Yamask-galar","190","medium","19.69","3.31","5;8","60","5","Black","Yamask","デスマス","Tutafeh","Ground","Ghost","562"
"10180","Stunfisk-galar","75","medium","27.56","45.19","5;9","60","5","Brown","Stunfisk","マッギョ","Limonde","Ground","Steel","618"
"10181","Zygarde-10","3","slow","47.24","73.85","16;5","61","6","Green","Zygarde","ジガルデ","Zygarde","Dragon","Ground","718"
"10182","Cramorant-gulping","45","medium","31.5","39.68","3;11","63","8","Blue","Cramorant","ウッウ","Nigosier","Flying","Water","845"
"10183","Cramorant-gorging","45","medium","31.5","39.68","3;11","63","8","Blue","Cramorant","ウッウ","Nigosier","Flying","Water","845"
"10184","Toxtricity-low-key","45","medium-slow","62.99","88.18","13;4","63","8","Purple","Toxtricity","ストリンダー","Salarsen","Electric","Poison","849"
"10185","Eiscue-noice","60","slow","55.12","196.21","15","63","8","Blue","Eiscue","コオリッポ","Bekaglaçon","Ice","","875"
"10186","Indeedee-female","30","fast","35.43","61.73","14;1","63","8","Purple","Indeedee","イエッサン","Wimessir","Psychic","Normal","876"
"10187","Morpeko-hangry","180","medium","11.81","6.61","13;17","63","8","Yellow","Morpeko","モルペコ","Morpeko","Electric","Dark","877"
"10188","Zacian-crowned","10","slow","110.24","782.64","18;9","63","8","Blue","Zacian","ザシアン","Zacian","Fairy","Steel","888"
"10189","Zamazenta-crowned","10","slow","114.17","1730.63","2;9","63","8","Red","Zamazenta","ザマゼンタ","Zamazenta","Fighting","Steel","889"
"10190","Eternatus-eternamax","255","slow","3937.01","0","4;16","63","8","Purple","Eternatus","ムゲンダイナ","Éthernatos","Poison","Dragon","890"
"10191","Urshifu-rapid-strike","3","slow","74.8","231.49","2;11","63","8","Gray","Urshifu","ウーラオス","Shifours","Fighting","Water","892"
"10192","Zarude-dada","3","slow","70.87","154.32","17;12","63","8","Green","Zarude","ザルード","Zarude","Dark","Grass","893"
"10193","Calyrex-ice","3","slow","94.49","1783.76","14;15","63","8","Green","Calyrex","バドレックス","Sylveroy","Psychic","Ice","898"
"10194","Calyrex-shadow","3","slow","94.49","118.17","14;8","63","8","Green","Calyrex","バドレックス","Sylveroy","Psychic","Ghost","898"
"10195","Venusaur-gmax","45","medium-slow","944.88","2204.62","12;4","56","1","Green","Venusaur","フシギバナ","Florizarre","Grass","Poison","3"
"10196","Charizard-gmax","45","medium-slow","1102.36","2204.62","10;3","56","1","Red","Charizard","リザードン","Dracaufeu","Fire","Flying","6"
"10197","Blastoise-gmax","45","medium-slow","984.25","2204.62","11","56","1","Blue","Blastoise","カメックス","Tortank","Water","","9"
"10198","Butterfree-gmax","45","medium","669.29","2204.62","7;3","56","1","White","Butterfree","バタフリー","Papilusion","Bug","Flying","12"
"10199","Pikachu-gmax","190","medium","826.77","2204.62","13","56","1","Yellow","Pikachu","ピカチュウ","Pikachu","Electric","","25"
"10200","Meowth-gmax","255","medium","1299.21","2204.62","1","56","1","Yellow","Meowth","ニャース","Miaouss","Normal","","52"
"10201","Machamp-gmax","45","medium-slow","984.25","2204.62","2","56","1","Gray","Machamp","カイリキー","Mackogneur","Fighting","","68"
"10202","Gengar-gmax","45","medium-slow","787.4","2204.62","8;4","56","1","Purple","Gengar","ゲンガー","Ectoplasma","Ghost","Poison","94"
"10203","Kingler-gmax","60","medium","748.03","2204.62","11","56","1","Red","Kingler","キングラー","Krabboss","Water","","99"
"10204","Lapras-gmax","45","slow","944.88","2204.62","11;15","56","1","Blue","Lapras","ラプラス","Lokhlass","Water","Ice","131"
"10205","Eevee-gmax","45","medium","708.66","2204.62","1","56","1","Brown","Eevee","イーブイ","Évoli","Normal","","133"
"10206","Snorlax-gmax","25","slow","1377.95","2204.62","1","56","1","Black","Snorlax","カビゴン","Ronflex","Normal","","143"
"10207","Garbodor-gmax","60","medium","826.77","2204.62","4","60","5","Green","Garbodor","ダストダス","Miasmax","Poison","","569"
"10208","Melmetal-gmax","3","slow","984.25","2204.62","9","62","7","Gray","Melmetal","メルメタル","Melmetal","Steel","","809"
"10209","Rillaboom-gmax","45","medium-slow","1102.36","2204.62","12","63","8","Green","Rillaboom","ゴリランダー","Gorythmic","Grass","","812"
"10210","Cinderace-gmax","45","medium-slow","1062.99","2204.62","10","63","8","White","Cinderace","エースバーン","Pyrobut","Fire","","815"
"10211","Inteleon-gmax","45","medium-slow","1574.8","2204.62","11","63","8","Blue","Inteleon","インテレオン","Lézargus","Water","","818"
"10212","Corviknight-gmax","45","medium-slow","551.18","2204.62","3;9","63","8","Purple","Corviknight","アーマーガア","Corvaillus","Flying","Steel","823"
"10213","Orbeetle-gmax","45","medium","551.18","2204.62","7;14","63","8","Red","Orbeetle","イオルブ","Astronelle","Bug","Psychic","826"
"10214","Drednaw-gmax","75","medium","944.88","2204.62","11;6","63","8","Green","Drednaw","カジリガメ","Torgamord","Water","Rock","834"
"10215","Coalossal-gmax","45","medium-slow","1653.54","2204.62","6;10","63","8","Black","Coalossal","セキタンザン","Monthracite","Rock","Fire","839"
"10216","Flapple-gmax","45","slow-then-very-fast","944.88","2204.62","12;16","63","8","Green","Flapple","アップリュー","Pomdrapi","Grass","Dragon","841"
"10217","Appletun-gmax","45","slow-then-very-fast","944.88","2204.62","12;16","63","8","Green","Appletun","タルップル","Dratatin","Grass","Dragon","842"
"10218","Sandaconda-gmax","120","medium","866.14","2204.62","5","63","8","Green","Sandaconda","サダイジャ","Dunaconda","Ground","","844"
"10219","Toxtricity-amped-gmax","45","medium-slow","944.88","2204.62","13;4","63","8","Purple","Toxtricity","ストリンダー","Salarsen","Electric","Poison","849"
"10220","Centiskorch-gmax","75","medium","2952.76","2204.62","10;7","63","8","Red","Centiskorch","マルヤクデ","Scolocendre","Fire","Bug","851"
"10221","Hatterene-gmax","45","slow","1023.62","2204.62","14;18","63","8","Pink","Hatterene","ブリムオン","Sorcilence","Psychic","Fairy","858"
"10222","Grimmsnarl-gmax","45","medium","1259.84","2204.62","17;18","63","8","Purple","Grimmsnarl","オーロンゲ","Angoliath","Dark","Fairy","861"
"10223","Alcremie-gmax","100","medium","1181.1","2204.62","18","63","8","White","Alcremie","マホイップ","Charmilly","Fairy","","869"
"10224","Copperajah-gmax","90","medium","905.51","2204.62","9","63","8","Green","Copperajah","ダイオウドウ","Pachyradjah","Steel","","879"
"10225","Duraludon-gmax","45","medium","1692.91","2204.62","9;16","63","8","White","Duraludon","ジュラルドン","Duralugon","Steel","Dragon","884"
"10226","Urshifu-single-strike-gmax","3","slow","1141.73","2204.62","2;17","63","8","Gray","Urshifu","ウーラオス","Shifours","Fighting","Dark","892"
"10227","Urshifu-rapid-strike-gmax","3","slow","1023.62","2204.62","2;11","63","8","Gray","Urshifu","ウーラオス","Shifours","Fighting","Water","892"
"10228","Toxtricity-low-key-gmax","45","medium-slow","944.88","2204.62","13;4","63","8","Purple","Toxtricity","ストリンダー","Salarsen","Electric","Poison","849"
"10229","Growlithe-hisui","190","slow","31.5","50.04","10;6","56","1","Brown","Growlithe","ガーディ","Caninos","Fire","Rock","58"
"10230","Arcanine-hisui","75","slow","78.74","370.38","10;6","56","1","Brown","Arcanine","ウインディ","Arcanin","Fire","Rock","59"
"10231","Voltorb-hisui","190","medium","19.69","28.66","13;12","56","1","Red","Voltorb","ビリリダマ","Voltorbe","Electric","Grass","100"
"10232","Electrode-hisui","60","medium","47.24","156.53","13;12","56","1","Red","Electrode","マルマイン","Électrode","Electric","Grass","101"
"10233","Typhlosion-hisui","45","medium-slow","62.99","153.88","10;8","57","2","Yellow","Typhlosion","バクフーン","Typhlosion","Fire","Ghost","157"
"10234","Qwilfish-hisui","45","medium","19.69","8.6","17;4","57","2","Gray","Qwilfish","ハリーセン","Qwilfish","Dark","Poison","211"
"10235","Sneasel-hisui","60","medium-slow","35.43","59.52","2;4","57","2","Black","Sneasel","ニューラ","Farfuret","Fighting","Poison","215"
"10236","Samurott-hisui","45","medium-slow","59.06","128.31","11;17","60","5","Blue","Samurott","ダイケンキ","Clamiral","Water","Dark","503"
"10237","Lilligant-hisui","75","medium","47.24","42.33","12;2","60","5","Green","Lilligant","ドレディア","Fragilady","Grass","Fighting","549"
"10238","Zorua-hisui","75","medium-slow","27.56","27.56","1;8","60","5","Gray","Zorua","ゾロア","Zorua","Normal","Ghost","570"
"10239","Zoroark-hisui","45","medium-slow","62.99","160.94","1;8","60","5","Gray","Zoroark","ゾロアーク","Zoroark","Normal","Ghost","571"
"10240","Braviary-hisui","60","slow","66.93","95.68","14;3","60","5","Red","Braviary","ウォーグル","Gueriaigle","Psychic","Flying","628"
"10241","Sliggoo-hisui","45","slow","27.56","151.02","9;16","61","6","Purple","Sliggoo","ヌメイル","Colimucus","Steel","Dragon","705"
"10242","Goodra-hisui","45","slow","66.93","736.56","9;16","61","6","Purple","Goodra","ヌメルゴン","Muplodocus","Steel","Dragon","706"
"10243","Avalugg-hisui","55","medium","55.12","578.49","15;6","61","6","Blue","Avalugg","クレベース","Séracrawl","Ice","Rock","713"
"10244","Decidueye-hisui","45","medium-slow","62.99","81.57","12;2","62","7","Brown","Decidueye","ジュナイパー","Archéduc","Grass","Fighting","724"
"10245","Dialga-origin","3","slow","275.59","1871.06","9;16","59","4","White","Dialga","ディアルガ","Dialga","Steel","Dragon","483"
"10246","Palkia-origin","3","slow","248.03","1452.84","11;16","59","4","Purple","Palkia","パルキア","Palkia","Water","Dragon","484"
"10247","Basculin-white-striped","25","medium","39.37","39.68","11","60","5","Green","Basculin","バスラオ","Bargantua","Water","","550"
"10248","Basculegion-female","135","medium","118.11","242.51","11;8","63","8","Green","Basculegion","イダイトウ","Paragruel","Water","Ghost","902"
"10249","Enamorus-therian","3","slow","62.99","105.82","18;3","63","8","Pink","Enamorus","ラブトロス","Amovénus","Fairy","Flying","905"
"10250","Tauros-paldea-combat-breed","45","slow","55.12","253.53","2","56","1","Brown","Tauros","ケンタロス","Tauros","Fighting","","128"
"10251","Tauros-paldea-blaze-breed","45","slow","55.12","187.39","2;10","56","1","Brown","Tauros","ケンタロス","Tauros","Fighting","Fire","128"
"10252","Tauros-paldea-aqua-breed","45","slow","55.12","242.51","2;11","56","1","Brown","Tauros","ケンタロス","Tauros","Fighting","Water","128"
"10253","Wooper-paldea","255","medium","15.75","24.25","4;5","57","2","Blue","Wooper","ウパー","Axoloto","Poison","Ground","194"
"10254","Oinkologne-female","100","medium","39.37","264.55","1","65","10","Gray","Oinkologne","パフュートン","Fragroin","Normal","","916"
"10255","Dudunsparce-three-segment","45","medium","177.17","104.5","1","65","10","Yellow","Dudunsparce","ノココッチ","Deusolourdo","Normal","","982"
"10256","Palafin-hero","45","slow","70.87","214.73","11","65","10","Blue","Palafin","イルカマン","Superdofin","Water","","964"
"10257","Maushold-family-of-three","75","fast","11.81","5.07","1","65","10","White","Maushold","イッカネズミ","Famignol","Normal","","925"
"10258","Tatsugiri-droopy","100","medium-slow","11.81","17.64","16;11","65","10","Pink","Tatsugiri","シャリタツ","Nigirigon","Dragon","Water","978"
"10259","Tatsugiri-stretchy","100","medium-slow","11.81","17.64","16;11","65","10","Pink","Tatsugiri","シャリタツ","Nigirigon","Dragon","Water","978"
"10260","Squawkabilly-blue-plumage","190","slow-then-very-fast","23.62","5.29","1;3","65","10","Green","Squawkabilly","イキリンコ","Tapatoès","Normal","Flying","931"
"10261","Squawkabilly-yellow-plumage","190","slow-then-very-fast","23.62","5.29","1;3","65","10","Green","Squawkabilly","イキリンコ","Tapatoès","Normal","Flying","931"
"10262","Squawkabilly-white-plumage","190","slow-then-very-fast","23.62","5.29","1;3","65","10","Green","Squawkabilly","イキリンコ","Tapatoès","Normal","Flying","931"
"10263","Gimmighoul-roaming","45","slow","3.94","2.2","8","65","10","Brown","Gimmighoul","コレクレー","Mordudor","Ghost","","999"
"10264","Koraidon-limited-build","3","slow","137.8","668","2;16","65","10","Red","Koraidon","コライドン","Koraidon","Fighting","Dragon","1007"
"10265","Koraidon-sprinting-build","3","slow","137.8","668","2;16","65","10","Red","Koraidon","コライドン","Koraidon","Fighting","Dragon","1007"
"10266","Koraidon-swimming-build","3","slow","137.8","668","2;16","65","10","Red","Koraidon","コライドン","Koraidon","Fighting","Dragon","1007"
"10267","Koraidon-gliding-build","3","slow","137.8","668","2;16","65","10","Red","Koraidon","コライドン","Koraidon","Fighting","Dragon","1007"
"10268","Miraidon-low-power-mode","3","slow","110.24","529.11","13;16","65","10","Blue","Miraidon","ミライドン","Miraidon","Electric","Dragon","1008"
"10269","Miraidon-drive-mode","3","slow","110.24","529.11","13;16","65","10","Blue","Miraidon","ミライドン","Miraidon","Electric","Dragon","1008"
"10270","Miraidon-aquatic-mode","3","slow","110.24","529.11","13;16","65","10","Blue","Miraidon","ミライドン","Miraidon","Electric","Dragon","1008"
"10271","Miraidon-glide-mode","3","slow","110.24","529.11","13;16","65","10","Blue","Miraidon","ミライドン","Miraidon","Electric","Dragon","1008"
"10272","Ursaluna-bloodmoon","75","medium","94.49","639.34","5;1","63","8","Brown","Ursaluna","ガチグマ","Ursaking","Ground","Normal","901"
"10273","Ogerpon-wellspring-mask","5","slow","47.24","87.74","12;11","65","10","Green","Ogerpon","オーガポン","Ogerpon","Grass","Water","1017"
"10274","Ogerpon-hearthflame-mask","5","slow","47.24","87.74","12;10","65","10","Green","Ogerpon","オーガポン","Ogerpon","Grass","Fire","1017"
"10275","Ogerpon-cornerstone-mask","5","slow","47.24","87.74","12;6","65","10","Green","Ogerpon","オーガポン","Ogerpon","Grass","Rock","1017"
"10276","Terapagos-terastal","255","slow","11.81","35.27","1","65","10","Blue","Terapagos","テラパゴス","Terapagos","Normal","","1024"
"10277","Terapagos-stellar","255","slow","66.93","169.76","1","65","10","Blue","Terapagos","テラパゴス","Terapagos","Normal","","1024"
"10278","Clefable-mega","25","fast","66.93","93.26","18;3","56","1","Pink","Clefable","ピクシー","Mélodelfe","Fairy","Flying","36"
"10279","Victreebel-mega","45","medium-slow","177.17","276.68","12;4","56","1","Green","Victreebel","ウツボット","Empiflor","Grass","Poison","71"
"10280","Starmie-mega","60","slow","90.55","176.37","11;14","56","1","Purple","Starmie","スターミー","Staross","Water","Psychic","121"
"10281","Dragonite-mega","45","slow","86.61","639.34","16;3","56","1","Brown","Dragonite","カイリュー","Dracolosse","Dragon","Flying","149"
"10282","Meganium-mega","45","medium-slow","94.49","443.13","12;18","57","2","Green","Meganium","メガニウム","Méganium","Grass","Fairy","154"
"10283","Feraligatr-mega","45","medium-slow","90.55","239.86","11;16","57","2","Blue","Feraligatr","オーダイル","Aligatueur","Water","Dragon","160"
"10284","Skarmory-mega","25","slow","66.93","89.07","9;3","57","2","Gray","Skarmory","エアームド","Airmure","Steel","Flying","227"
"10285","Froslass-mega","75","medium","102.36","65.26","15;8","59","4","White","Froslass","ユキメノコ","Momartik","Ice","Ghost","478"
"10286","Emboar-mega","45","medium-slow","70.87","397.49","10;2","60","5","Red","Emboar","エンブオー","Roitiflam","Fire","Fighting","500"
"10287","Excadrill-mega","60","medium","35.43","132.28","5;9","60","5","Gray","Excadrill","ドリュウズ","Minotaupe","Ground","Steel","530"
"10288","Scolipede-mega","45","medium-slow","125.98","508.16","7;4","60","5","Red","Scolipede","ペンドラー","Brutapode","Bug","Poison","545"
"10289","Scrafty-mega","90","medium","43.31","68.34","17;2","60","5","Red","Scrafty","ズルズキン","Baggaïd","Dark","Fighting","560"
"10290","Eelektross-mega","30","slow","118.11","396.83","13","60","5","Blue","Eelektross","シビルドン","Ohmassacre","Electric","","604"
"10291","Chandelure-mega","45","medium-slow","98.43","153.44","8;10","60","5","Black","Chandelure","シャンデラ","Lugulabre","Ghost","Fire","609"
"10292","Chesnaught-mega","45","medium-slow","62.99","198.42","12;2","61","6","Green","Chesnaught","ブリガロン","Blindépique","Grass","Fighting","652"
"10293","Delphox-mega","45","medium-slow","59.06","85.98","10;14","61","6","Red","Delphox","マフォクシー","Goupelin","Fire","Psychic","655"
"10294","Greninja-mega","45","medium-slow","59.06","88.18","11;17","61","6","Blue","Greninja","ゲッコウガ","Amphinobi","Water","Dark","658"
"10295","Pyroar-mega","65","medium-slow","59.06","205.69","10;1","61","6","Brown","Pyroar","カエンジシ","Némélios","Fire","Normal","668"
"10296","Floette-mega","120","medium","7.87","222.23","18","61","6","White","Floette","フラエッテ","Floette","Fairy","","670"
"10297","Malamar-mega","80","medium","114.17","153.88","17;14","61","6","Blue","Malamar","カラマネロ","Sepiatroce","Dark","Psychic","687"
"10298","Barbaracle-mega","45","medium","86.61","220.46","6;2","61","6","Brown","Barbaracle","ガメノデス","Golgopathe","Rock","Fighting","689"
"10299","Dragalge-mega","55","medium","82.68","221.12","4;16","61","6","Brown","Dragalge","ドラミドロ","Kravarech","Poison","Dragon","691"
"10300","Hawlucha-mega","100","medium","39.37","55.12","2;3","61","6","Green","Hawlucha","ルチャブル","Brutalibré","Fighting","Flying","701"
"10301","Zygarde-mega","3","slow","303.15","1344.82","16;5","61","6","Green","Zygarde","ジガルデ","Zygarde","Dragon","Ground","718"
"10302","Drampa-mega","70","medium","118.11","530.21","1;16","62","7","White","Drampa","ジジーロン","Draïeul","Normal","Dragon","780"
"10303","Falinks-mega","45","medium","62.99","218.26","2","63","8","Yellow","Falinks","タイレーツ","Hexadron","Fighting","","870"
"10304","Raichu-mega-x","75","medium","47.24","83.78","13","56","1","Yellow","Raichu","ライチュウ","Raichu","Electric","","26"
"10305","Raichu-mega-y","75","medium","39.37","57.32","13","56","1","Yellow","Raichu","ライチュウ","Raichu","Electric","","26"
"10306","Chimecho-mega","45","fast","47.24","17.64","14;9","58","3","Blue","Chimecho","チリーン","Éoko","Psychic","Steel","358"
"10307","Absol-mega-z","30","medium-slow","47.24","108.03","17;8","58","3","White","Absol","アブソル","Absol","Dark","Ghost","359"
"10308","Staraptor-mega","45","medium-slow","74.8","110.23","2;3","59","4","Brown","Staraptor","ムクホーク","Étouraptor","Fighting","Flying","398"
"10309","Garchomp-mega-z","45","slow","74.8","218.26","16","59","4","Blue","Garchomp","ガブリアス","Carchacrok","Dragon","","445"
"10310","Lucario-mega-z","45","medium-slow","51.18","108.91","2;9","59","4","Blue","Lucario","ルカリオ","Lucario","Fighting","Steel","448"
"10311","Heatran-mega","3","slow","110.24","1256.63","10;9","59","4","Brown","Heatran","ヒードラン","Heatran","Fire","Steel","485"
"10312","Darkrai-mega","3","slow","118.11","529.11","17","59","4","Black","Darkrai","ダークライ","Darkrai","Dark","","491"
"10313","Golurk-mega","90","medium","157.48","727.52","5;8","60","5","Green","Golurk","ゴルーグ","Golemastoc","Ground","Ghost","623"
"10314","Meowstic-male-mega","75","medium","31.5","22.27","14","61","6","Blue","Meowstic","ニャオニクス","Mistigrix","Psychic","","678"
"10315","Crabominable-mega","60","medium","102.36","557.33","2;15","62","7","White","Crabominable","ケケンカニ","Crabominable","Fighting","Ice","740"
"10316","Golisopod-mega","45","medium","90.55","326.28","7;9","62","7","Gray","Golisopod","グソクムシャ","Sarmuraï","Bug","Steel","768"
"10317","Magearna-mega","3","slow","51.18","546.97","9;18","62","7","Gray","Magearna","マギアナ","Magearna","Steel","Fairy","801"
"10318","Magearna-original-mega","3","slow","51.18","546.97","9;18","62","7","Gray","Magearna","マギアナ","Magearna","Steel","Fairy","801"
"10319","Zeraora-mega","3","slow","59.06","98.11","13","62","7","Yellow","Zeraora","ゼラオラ","Zeraora","Electric","","807"
"10320","Scovillain-mega","75","medium","47.24","48.5","12;10","65","10","Green","Scovillain","スコヴィラン","Scovilain","Grass","Fire","952"
"10321","Glimmora-mega","25","medium-slow","110.24","169.76","6;4","65","10","Blue","Glimmora","キラフロル","Floréclat","Rock","Poison","970"
"10322","Tatsugiri-curly-mega","100","medium-slow","23.62","52.91","16;11","65","10","Pink","Tatsugiri","シャリタツ","Nigirigon","Dragon","Water","978"
"10323","Tatsugiri-droopy-mega","100","medium-slow","23.62","52.91","16;11","65","10","Pink","Tatsugiri","シャリタツ","Nigirigon","Dragon","Water","978"
"10324","Tatsugiri-stretchy-mega","100","medium-slow","23.62","52.91","16;11","65","10","Pink","Tatsugiri","シャリタツ","Nigirigon","Dragon","Water","978"
"10325","Baxcalibur-mega","10","slow","82.68","694.46","16;15","65","10","Gray","Baxcalibur","セグレイブ","Glaivodo","Dragon","Ice","998"
"10326","Meowstic-female-mega","75","medium","31.5","22.27","14","61","6","Blue","Meowstic","ニャオニクス","Mistigrix","Psychic","","678"
